Nationalitätszeichen,Unterscheidungszeichen,StadtOderKreis,Herleitung,HerleitungMarkiert,Bundesland.Iso3166-2,Bundesland.Name,Fußnoten,Bemerkung
D,A,Augsburg,Augsburg,Augsburg,db570744-2875-4814-8782-05fb28e451ec,Bayern,1,
D,AA,Ostalbkreis,Aalen,AAlen,3afe663f-8f23-4325-9ac6-1152875a8528,Baden-Württemberg,,
D,AB,Aschaffenburg,Aschaffenburg,AschaffenBurg,db570744-2875-4814-8782-05fb28e451ec,Bayern,1,
D,ABG,Altenburger Land,Altenburg,AltenBurG,fda8e1a5-2ede-465b-a88a-f6a995ff692e,Thüringen,,
D,ABI,Anhalt-Bitterfeld,Anhalt-Bitterfeld,Anhalt-BItterfeld,e4d7462d-d6fd-48a6-9337-bf0bcb883966,Sachsen-Anhalt,,
D,AC,Aachen,Aachen,AaChen,8084bb44-94a4-423f-be8e-a4ad8d229bb1,Nordrhein-Westfalen,,
D,AE,Vogtlandkreis,Auerbach,AuErbach,07d97651-8268-461e-a43c-bd494d3d6c8f,Sachsen,,
D,AH,Borken,Ahaus,AHaus,8084bb44-94a4-423f-be8e-a4ad8d229bb1,Nordrhein-Westfalen,,
D,AIB,"München, Rosenheim",Aibling,AIBling,db570744-2875-4814-8782-05fb28e451ec,Bayern,3,
D,AIC,Aichach-Friedberg,Aichach,AIChach,db570744-2875-4814-8782-05fb28e451ec,Bayern,,
D,AK,Altenkirchen (Westerwald),Altenkirchen,AltenKirchen,144b42c4-7d68-487f-9292-0c6009d8b9ce,Rheinland-Pfalz,,
D,ALF,Hildesheim,Alfeld,ALFeld,92bf005e-2b97-4d41-a651-9759d3c0b48c,Niedersachsen,,
D,ALZ,Aschaffenburg,Alzenau,ALZenau,db570744-2875-4814-8782-05fb28e451ec,Bayern,,
D,AM,Stadt Amberg,Amberg,AMberg,db570744-2875-4814-8782-05fb28e451ec,Bayern,1,"auslaufend Kreis, Abwicklung: Zulassungsbehörde Kreis Amberg-Sulzbach"
D,AN,Ansbach,Ansbach,ANsbach,db570744-2875-4814-8782-05fb28e451ec,Bayern,1,
D,ANA,Erzgebirgskreis,Annaberg,ANnAberg,07d97651-8268-461e-a43c-bd494d3d6c8f,Sachsen,,
D,ANG,Uckermark,Angermünde,ANGermünde,83876b48-e588-4d24-a55d-e57bd0a23fe6,Brandenburg,,
D,ANK,Vorpommern-Greifswald,Anklam,ANKlam,8e0cd2ee-f394-46be-9cb5-1f1df6941f7b,Mecklenburg-Vorpommern,,
D,AP,Weimarer Land,Apolda,APolda,fda8e1a5-2ede-465b-a88a-f6a995ff692e,Thüringen,,
D,APD,Weimarer Land,Apolda,APolDa,fda8e1a5-2ede-465b-a88a-f6a995ff692e,Thüringen,,
D,ARN,Ilm-Kreis,Arnstadt,ARNstadt,fda8e1a5-2ede-465b-a88a-f6a995ff692e,Thüringen,,
D,ART,Kyffhäuserkreis,Artern,ARTern,fda8e1a5-2ede-465b-a88a-f6a995ff692e,Thüringen,,
D,AS,Amberg-Sulzbach,"Amberg, Sulzbach","Amberg, Sulzbach",db570744-2875-4814-8782-05fb28e451ec,Bayern,,
D,ASL,Salzlandkreis,Aschersleben,ASchersLeben,e4d7462d-d6fd-48a6-9337-bf0bcb883966,Sachsen-Anhalt,,
D,ASZ,Erzgebirgskreis,"Aue, Schwarzenberg","Aue, SchwarZenberg",07d97651-8268-461e-a43c-bd494d3d6c8f,Sachsen,,
D,AT,Mecklenburgische Seenplatte,Altentreptow,AltenTreptow,8e0cd2ee-f394-46be-9cb5-1f1df6941f7b,Mecklenburg-Vorpommern,,
D,AU,Erzgebirgskreis,Aue,AUe,07d97651-8268-461e-a43c-bd494d3d6c8f,Sachsen,,
D,AUR,Aurich,Aurich,AURich,92bf005e-2b97-4d41-a651-9759d3c0b48c,Niedersachsen,,
D,AW,Ahrweiler,Ahrweiler,AhrWeiler,144b42c4-7d68-487f-9292-0c6009d8b9ce,Rheinland-Pfalz,,
D,AZ,Alzey-Worms,Alzey,AlZey,144b42c4-7d68-487f-9292-0c6009d8b9ce,Rheinland-Pfalz,,
D,AZE,Anhalt-Bitterfeld,Landkreis Anhalt-Zerbst (bis 2007),Landkreis Anhalt-ZErbst (bis 2007),e4d7462d-d6fd-48a6-9337-bf0bcb883966,Sachsen-Anhalt,,
D,AÖ,Altötting,Altötting,AltÖtting,db570744-2875-4814-8782-05fb28e451ec,Bayern,,
D,B,Berlin,Berlin,Berlin,2472044d-230a-44f7-ad3e-d19d7ce0cfb0,Berlin,,
D,BA,Bamberg,Bamberg,BAmberg,db570744-2875-4814-8782-05fb28e451ec,Bayern,1,
D,BAD,Stadt Baden-Baden,Baden-Baden,BADen-Baden,3afe663f-8f23-4325-9ac6-1152875a8528,Baden-Württemberg,,
D,BAR,Barnim,Barnim,BARnim,83876b48-e588-4d24-a55d-e57bd0a23fe6,Brandenburg,,
D,BB,Böblingen,Böblingen,BöBlingen,3afe663f-8f23-4325-9ac6-1152875a8528,Baden-Württemberg,,
D,BBG,Salzlandkreis,Bernburg,BernBurG,e4d7462d-d6fd-48a6-9337-bf0bcb883966,Sachsen-Anhalt,,
D,BC,Biberach,Biberach,BiberaCh,3afe663f-8f23-4325-9ac6-1152875a8528,Baden-Württemberg,,
D,BCH,Neckar-Odenwald-Kreis,Buchen,BuCHen,3afe663f-8f23-4325-9ac6-1152875a8528,Baden-Württemberg,,
D,BE,Warendorf,Beckum,BEckum,8084bb44-94a4-423f-be8e-a4ad8d229bb1,Nordrhein-Westfalen,,
D,BED,Mittelsachsen,Brand-Erbisdorf,Brand-ErbisDorf,07d97651-8268-461e-a43c-bd494d3d6c8f,Sachsen,,
D,BER,Barnim,Bernau,BERnau,83876b48-e588-4d24-a55d-e57bd0a23fe6,Brandenburg,,
D,BF,Steinfurt,Burgsteinfurt,BurgsteinFurt,8084bb44-94a4-423f-be8e-a4ad8d229bb1,Nordrhein-Westfalen,,
D,BGD,Berchtesgadener Land,Berchtesgaden,BerchtesGaDen,db570744-2875-4814-8782-05fb28e451ec,Bayern,,
D,BGL,Berchtesgadener Land,Berchtesgadener Land,BerchtesGadener Land,db570744-2875-4814-8782-05fb28e451ec,Bayern,,
D,BH,"Ortenaukreis, Raststatt",Bühl,BüHl,3afe663f-8f23-4325-9ac6-1152875a8528,Baden-Württemberg,,
D,BI,Stadt Bielefeld,Bielefeld,BIelefeld,8084bb44-94a4-423f-be8e-a4ad8d229bb1,Nordrhein-Westfalen,,
D,BID,Marburg-Biedenkopf,Biedenkopf,BIeDenkopf,632d4fda-80d9-40ea-a608-fd0284c10945,Hessen,,
D,BIN,Mainz-Bingen,Bingen,BINgen,144b42c4-7d68-487f-9292-0c6009d8b9ce,Rheinland-Pfalz,,
D,BIR,Birkenfeld,Birkenfeld,BIRkenfeld,144b42c4-7d68-487f-9292-0c6009d8b9ce,Rheinland-Pfalz,,
D,BIT,Eifelkreis Bitburg-Prüm,Bitburg,BITburg,144b42c4-7d68-487f-9292-0c6009d8b9ce,Rheinland-Pfalz,,
D,BIW,Bautzen,Bischofswerda,BIschofsWerda,07d97651-8268-461e-a43c-bd494d3d6c8f,Sachsen,,
D,BK,"Börde, Rems-Murr-Kreis, Schwäbisch Hall",Backnang,BacKnang,3afe663f-8f23-4325-9ac6-1152875a8528,Baden-Württemberg,"4,5,5",
D,BKS,Bernkastel-Wittlich,Bernkastel,BernKaStel,144b42c4-7d68-487f-9292-0c6009d8b9ce,Rheinland-Pfalz,,
D,BL,Zollernalbkreis,Balingen,BaLingen,3afe663f-8f23-4325-9ac6-1152875a8528,Baden-Württemberg,,
D,BLB,Siegen-Wittgenstein,Berleburg,BerLeBurg,8084bb44-94a4-423f-be8e-a4ad8d229bb1,Nordrhein-Westfalen,,
D,BLK,Burgenlandkreis,Burgenlandkreis,BurgenLandKreis,e4d7462d-d6fd-48a6-9337-bf0bcb883966,Sachsen-Anhalt,,
D,BM,Rhein-Erft-Kreis,Bergheim,BergheiM,8084bb44-94a4-423f-be8e-a4ad8d229bb1,Nordrhein-Westfalen,,
D,BN,Stadt Bonn,Bonn,BonN,8084bb44-94a4-423f-be8e-a4ad8d229bb1,Nordrhein-Westfalen,,
D,BNA,Leipzig,Borna,BorNA,07d97651-8268-461e-a43c-bd494d3d6c8f,Sachsen,,
D,BO,Stadt Bochum,Bochum,BOchum,8084bb44-94a4-423f-be8e-a4ad8d229bb1,Nordrhein-Westfalen,,
D,BOG,Straubing-Bogen,Bogen,BOGen,db570744-2875-4814-8782-05fb28e451ec,Bayern,,
D,BOH,Borken,Bocholt,BOcHolt,8084bb44-94a4-423f-be8e-a4ad8d229bb1,Nordrhein-Westfalen,,
D,BOR,Borken,Borken,BORken,8084bb44-94a4-423f-be8e-a4ad8d229bb1,Nordrhein-Westfalen,,
D,BOT,Stadt Bottrop,Bottrop,BOTtrop,8084bb44-94a4-423f-be8e-a4ad8d229bb1,Nordrhein-Westfalen,,
D,BR,Landkreis Karlsruhe,Bruchsal,BRuchsal,3afe663f-8f23-4325-9ac6-1152875a8528,Baden-Württemberg,,
D,BRA,Wesermarsch,Brake,BRAke,92bf005e-2b97-4d41-a651-9759d3c0b48c,Niedersachsen,,
D,BRB,Stadt Brandenburg,Brandenburg,BRandenBurg,83876b48-e588-4d24-a55d-e57bd0a23fe6,Brandenburg,,"auslaufend Kreis, Abwicklung: Zulassungsbehörde Kreis Potsdam-Mittelmark"
D,BRG,Jerichower Land,Burg,BuRG,e4d7462d-d6fd-48a6-9337-bf0bcb883966,Sachsen-Anhalt,,
D,BRK,Bad Kissingen,Brückenau,BRücKenau,db570744-2875-4814-8782-05fb28e451ec,Bayern,,
D,BRL,Goslar,Braunlage,BRaunLage,92bf005e-2b97-4d41-a651-9759d3c0b48c,Niedersachsen,,
D,BRV,Rotenburg (Wümme),Bremervörde,BRemerVörde,92bf005e-2b97-4d41-a651-9759d3c0b48c,Niedersachsen,,
D,BS,Stadt Braunschweig,Braunschweig,BraunSchweig,92bf005e-2b97-4d41-a651-9759d3c0b48c,Niedersachsen,,
D,BSB,Osnabrück,Bersenbrück,BerSenBrück,92bf005e-2b97-4d41-a651-9759d3c0b48c,Niedersachsen,,
D,BSK,Oder-Spree,Beeskow,BeeSKow,83876b48-e588-4d24-a55d-e57bd0a23fe6,Brandenburg,,
D,BT,Bayreuth,Bayreuth,BayreuTh,db570744-2875-4814-8782-05fb28e451ec,Bayern,1,
D,BTF,Anhalt-Bitterfeld,Bitterfeld,BitTerFeld,e4d7462d-d6fd-48a6-9337-bf0bcb883966,Sachsen-Anhalt,,
D,BUL,"Amberg-Sulzbach, Schwandorf",Burglengenfeld,BUrgLengenfeld,db570744-2875-4814-8782-05fb28e451ec,Bayern,"3,3",
D,BZ,Bautzen,Bautzen,BautZen,07d97651-8268-461e-a43c-bd494d3d6c8f,Sachsen,,
D,BÖ,Börde,Börde,BÖrde,e4d7462d-d6fd-48a6-9337-bf0bcb883966,Sachsen-Anhalt,,
D,BÜD,Wetteraukreis,Büdingen,BÜDingen,632d4fda-80d9-40ea-a608-fd0284c10945,Hessen,,
D,BÜR,Paderborn,Büren,BÜRen,8084bb44-94a4-423f-be8e-a4ad8d229bb1,Nordrhein-Westfalen,,
D,BÜS,"Konstanz, Gemeinde Büsingen am Hochrhein",Büsingen,BÜSingen,3afe663f-8f23-4325-9ac6-1152875a8528,Baden-Württemberg,,
D,BÜZ,Landkreis Rostock,Bützow,BÜtZow,8e0cd2ee-f394-46be-9cb5-1f1df6941f7b,Mecklenburg-Vorpommern,,
D,C,Stadt Chemnitz,Chemnitz,Chemnitz,07d97651-8268-461e-a43c-bd494d3d6c8f,Sachsen,,"auslaufend Kreis, Abwicklung: Zulassungsbehörde Zwickau"
D,CA,Oberspreewald-Lausitz,Calau,CAlau,83876b48-e588-4d24-a55d-e57bd0a23fe6,Brandenburg,,
D,CAS,Recklinghausen,Castrop,CAStrop,8084bb44-94a4-423f-be8e-a4ad8d229bb1,Nordrhein-Westfalen,,
D,CB,Stadt Cottbus,Cottbus,CottBus,83876b48-e588-4d24-a55d-e57bd0a23fe6,Brandenburg,,"auslaufend Kreis, Abwicklung: Zulassungsbehörde Spree-Neiße"
D,CE,Celle,Celle,CElle,92bf005e-2b97-4d41-a651-9759d3c0b48c,Niedersachsen,,
D,CHA,Cham,Cham,CHAm,db570744-2875-4814-8782-05fb28e451ec,Bayern,,
D,CLP,Cloppenburg,Cloppenburg,CLopPenburg,92bf005e-2b97-4d41-a651-9759d3c0b48c,Niedersachsen,,
D,CLZ,Goslar,Clausthal-Zellerfeld,CLausthal-Zellerfeld,92bf005e-2b97-4d41-a651-9759d3c0b48c,Niedersachsen,,
D,CO,"Zulassungsstelle Coburg, Zweckverband",Coburg,COburg,db570744-2875-4814-8782-05fb28e451ec,Bayern,,
D,COC,Cochem-Zell,Cochem,COChem,144b42c4-7d68-487f-9292-0c6009d8b9ce,Rheinland-Pfalz,,
D,COE,Coesfeld,Coesfeld,COEsfeld,8084bb44-94a4-423f-be8e-a4ad8d229bb1,Nordrhein-Westfalen,,
D,CR,Schwäbisch Hall,Crailsheim,CRailsheim,3afe663f-8f23-4325-9ac6-1152875a8528,Baden-Württemberg,,
D,CUX,Cuxhaven,Cuxhaven,CUXhaven,92bf005e-2b97-4d41-a651-9759d3c0b48c,Niedersachsen,,
D,CW,Calw,Calw,CalW,3afe663f-8f23-4325-9ac6-1152875a8528,Baden-Württemberg,,
D,D,Stadt Düsseldorf,Düsseldorf,Düsseldorf,8084bb44-94a4-423f-be8e-a4ad8d229bb1,Nordrhein-Westfalen,,
D,DA,Darmstadt,Darmstadt,DArmstadt,632d4fda-80d9-40ea-a608-fd0284c10945,Hessen,2,
D,DAH,Dachau,Dachau,DAcHau,db570744-2875-4814-8782-05fb28e451ec,Bayern,,
D,DAN,Lüchow-Dannenberg,Dannenberg,DANnenberg,92bf005e-2b97-4d41-a651-9759d3c0b48c,Niedersachsen,,
D,DAU,Vulkaneifel,Daun,DAUn,144b42c4-7d68-487f-9292-0c6009d8b9ce,Rheinland-Pfalz,,
D,DBR,Landkreis Rostock,Doberan,DoBeRan,8e0cd2ee-f394-46be-9cb5-1f1df6941f7b,Mecklenburg-Vorpommern,,
D,DD,Stadt Dresden,Dresden,DresDen,07d97651-8268-461e-a43c-bd494d3d6c8f,Sachsen,6,
D,DE,Stadt Dessau-Roßlau,Dessau,DEssau,e4d7462d-d6fd-48a6-9337-bf0bcb883966,Sachsen-Anhalt,,
D,DEG,Deggendorf,Deggendorf,DEGgendorf,db570744-2875-4814-8782-05fb28e451ec,Bayern,,
D,DEL,Stadt Delmenhorst,Delmenhorst,DELmenhorst,92bf005e-2b97-4d41-a651-9759d3c0b48c,Niedersachsen,,
D,DGF,Dingolfing-Landau,Dingolfing,DinGolFing,db570744-2875-4814-8782-05fb28e451ec,Bayern,,
D,DH,Diepholz,Diepholz,DiepHolz,92bf005e-2b97-4d41-a651-9759d3c0b48c,Niedersachsen,,
D,DI,Darmstadt-Dieburg,Dieburg,DIeburg,632d4fda-80d9-40ea-a608-fd0284c10945,Hessen,,
D,DIL,Lahn-Dill-Kreis,Dillenburg,DILlenburg,632d4fda-80d9-40ea-a608-fd0284c10945,Hessen,,
D,DIN,Wesel,Dinslaken,DINslaken,8084bb44-94a4-423f-be8e-a4ad8d229bb1,Nordrhein-Westfalen,,
D,DIZ,Rhein-Lahn-Kreis,Diez,DIeZ,144b42c4-7d68-487f-9292-0c6009d8b9ce,Rheinland-Pfalz,,
D,DKB,Ansbach,Dinkelsbühl,DinKelsBühl,db570744-2875-4814-8782-05fb28e451ec,Bayern,,
D,DL,Mittelsachsen,Döbeln,DöbeLn,07d97651-8268-461e-a43c-bd494d3d6c8f,Sachsen,,
D,DLG,Dillingen an der Donau,Dillingen,DilLinGen,db570744-2875-4814-8782-05fb28e451ec,Bayern,,
D,DM,Mecklenburgische Seenplatte,Demmin,DemMin,8e0cd2ee-f394-46be-9cb5-1f1df6941f7b,Mecklenburg-Vorpommern,,
D,DN,Düren,Düren,DüreN,8084bb44-94a4-423f-be8e-a4ad8d229bb1,Nordrhein-Westfalen,,
D,DO,Stadt Dortmund,Dortmund,DOrtmund,8084bb44-94a4-423f-be8e-a4ad8d229bb1,Nordrhein-Westfalen,,
D,DON,Donau-Ries in Donauwörth,Donauwörth,DONauwörth,db570744-2875-4814-8782-05fb28e451ec,Bayern,,
D,DS,Schwarzwald-Baar-Kreis,Donaueschingen,DonaueSchingen,3afe663f-8f23-4325-9ac6-1152875a8528,Baden-Württemberg,,
D,DU,Stadt Duisburg,Duisburg,DUisburg,8084bb44-94a4-423f-be8e-a4ad8d229bb1,Nordrhein-Westfalen,,
D,DUD,Göttingen,Duderstadt,DUDerstadt,92bf005e-2b97-4d41-a651-9759d3c0b48c,Niedersachsen,,
D,DW,Sächsische Schweiz-Osterzgebirge,Dippoldiswalde,DippoldisWalde,07d97651-8268-461e-a43c-bd494d3d6c8f,Sachsen,,
D,DZ,Nordsachsen,Delitzsch,DelitZsch,07d97651-8268-461e-a43c-bd494d3d6c8f,Sachsen,,
D,DÜW,Bad Dürkheim,Dürkheim an der Weinstraße,DÜrkheim an der Weinstraße,144b42c4-7d68-487f-9292-0c6009d8b9ce,Rheinland-Pfalz,,
D,E,Stadt Essen,Essen,Essen,8084bb44-94a4-423f-be8e-a4ad8d229bb1,Nordrhein-Westfalen,,
D,EA,Wartburgkreis,Eisenach,EisenAch,fda8e1a5-2ede-465b-a88a-f6a995ff692e,Thüringen,,
D,EB,Nordsachsen,Eilenburg,EilenBurg,07d97651-8268-461e-a43c-bd494d3d6c8f,Sachsen,,
D,EBE,Ebersberg,Ebersberg,EBErsberg,db570744-2875-4814-8782-05fb28e451ec,Bayern,,
D,EBN,Haßberge,Ebern,EBerN,db570744-2875-4814-8782-05fb28e451ec,Bayern,,
D,EBS,"Bayreuth, Forchheim, Kulmbach",Ebermannstadt,EBermannStadt,db570744-2875-4814-8782-05fb28e451ec,Bayern,"3,3,3",
D,ECK,Rendsburg-Eckernförde,Eckernförde,ECKernförde,8559927d-c36a-4a30-acb9-9c2bee46dc2f,Schleswig-Holstein,,
D,ED,Erding,Erding,ErDing,db570744-2875-4814-8782-05fb28e451ec,Bayern,,
D,EE,Elbe-Elster,"Elbe, Elster","Elbe, Elster",83876b48-e588-4d24-a55d-e57bd0a23fe6,Brandenburg,,
D,EF,Stadt Erfurt,Erfurt,ErFurt,fda8e1a5-2ede-465b-a88a-f6a995ff692e,Thüringen,,"auslaufend Kreis, Abwicklung: Zulassungsbehörde Sömmerda"
D,EG,Rottal-Inn,Eggenfelden,EGgenfelden,db570744-2875-4814-8782-05fb28e451ec,Bayern,,
D,EH,Oder-Spree,Eisenhüttenstadt,EisenHüttenstadt,83876b48-e588-4d24-a55d-e57bd0a23fe6,Brandenburg,,
D,EI,Eichstätt,Eichstätt,EIchstätt,db570744-2875-4814-8782-05fb28e451ec,Bayern,,
D,EIC,Eichsfeld,Eichsfeld,EIChsfeld,fda8e1a5-2ede-465b-a88a-f6a995ff692e,Thüringen,,
D,EIL,Mansfeld-Südharz,Eisleben,EIsLeben,e4d7462d-d6fd-48a6-9337-bf0bcb883966,Sachsen-Anhalt,,
D,EIN,Northeim,Einbeck,EINbeck,92bf005e-2b97-4d41-a651-9759d3c0b48c,Niedersachsen,,
D,EIS,Saale-Holzland-Kreis,Eisenberg,EISenberg,fda8e1a5-2ede-465b-a88a-f6a995ff692e,Thüringen,,
D,EL,Emsland,Emsland,EmsLand,92bf005e-2b97-4d41-a651-9759d3c0b48c,Niedersachsen,,
D,EM,Emmendingen,Emmendingen,EMmendingen,3afe663f-8f23-4325-9ac6-1152875a8528,Baden-Württemberg,,
D,EMD,Stadt Emden,Emden,EMDen,92bf005e-2b97-4d41-a651-9759d3c0b48c,Niedersachsen,,
D,EMS,Rhein-Lahn-Kreis,Ems,EMS,144b42c4-7d68-487f-9292-0c6009d8b9ce,Rheinland-Pfalz,,
D,EN,Ennepe-Ruhr-Kreis,Ennepe,ENnepe,8084bb44-94a4-423f-be8e-a4ad8d229bb1,Nordrhein-Westfalen,,
D,ER,Stadt Erlangen,Erlangen,ERlangen,db570744-2875-4814-8782-05fb28e451ec,Bayern,1,"auslaufend Kreis, Abwicklung: Zulassungsbehörde Erlangen-Höchstadt"
D,ERB,Odenwaldkreis,Erbach,ERBach,632d4fda-80d9-40ea-a608-fd0284c10945,Hessen,,
D,ERH,Erlangen-Höchstadt,"Erlangen, Höchstadt","ERlangen, Höchstadt",db570744-2875-4814-8782-05fb28e451ec,Bayern,,
D,ERK,Heinsberg,Erkelenz,ERKelenz,8084bb44-94a4-423f-be8e-a4ad8d229bb1,Nordrhein-Westfalen,,
D,ERZ,Erzgebirgskreis,Erzgebirge,ERZgebirge,07d97651-8268-461e-a43c-bd494d3d6c8f,Sachsen,,
D,ES,Esslingen,Esslingen,ESslingen,3afe663f-8f23-4325-9ac6-1152875a8528,Baden-Württemberg,,
D,ESB,"Amberg-Sulzbach, Bayreuth, Neustadt a. d. Waldnaab, Nürnberger Land",Eschenbach,ESchenBach,db570744-2875-4814-8782-05fb28e451ec,Bayern,"3,3,3,3",
D,ESW,Werra-Meißner-Kreis,Eschwege,ESchWege,632d4fda-80d9-40ea-a608-fd0284c10945,Hessen,,
D,EU,Euskirchen,Euskirchen,EUskirchen,8084bb44-94a4-423f-be8e-a4ad8d229bb1,Nordrhein-Westfalen,,
D,EW,Barnim,Eberswalde,EbersWalde,83876b48-e588-4d24-a55d-e57bd0a23fe6,Brandenburg,,
D,F,Stadt Frankfurt am Main,Frankfurt,Frankfurt,632d4fda-80d9-40ea-a608-fd0284c10945,Hessen,,
D,FB,Wetteraukreis in Friedberg Hessen,Friedberg,FriedBerg,632d4fda-80d9-40ea-a608-fd0284c10945,Hessen,,
D,FD,Fulda,Fulda,FulDa,632d4fda-80d9-40ea-a608-fd0284c10945,Hessen,,
D,FDB,Aichach-Friedberg,Friedberg,FrieDBerg,db570744-2875-4814-8782-05fb28e451ec,Bayern,,
D,FDS,Freudenstadt,Freudenstadt,FreuDenStadt,3afe663f-8f23-4325-9ac6-1152875a8528,Baden-Württemberg,,
D,FEU,Ansbach,Feuchtwangen,FEUchtwangen,db570744-2875-4814-8782-05fb28e451ec,Bayern,,
D,FF,Stadt Frankfurt (Oder),Frankfurt,FrankFurt,83876b48-e588-4d24-a55d-e57bd0a23fe6,Brandenburg,,
D,FFB,Fürstenfeldbruck,Fürstenfeldbruck,FürstenFeldBruck,db570744-2875-4814-8782-05fb28e451ec,Bayern,,
D,FG,Mittelsachsen,Freiberg,FreiberG,07d97651-8268-461e-a43c-bd494d3d6c8f,Sachsen,,
D,FI,Elbe-Elster,Finsterwalde,FInsterwalde,83876b48-e588-4d24-a55d-e57bd0a23fe6,Brandenburg,,
D,FKB,Waldeck-Frankenberg,Frankenberg,FranKenBerg,632d4fda-80d9-40ea-a608-fd0284c10945,Hessen,,
D,FL,Flensburg,Flensburg,FLensburg,8559927d-c36a-4a30-acb9-9c2bee46dc2f,Schleswig-Holstein,,
D,FLÖ,Mittelsachsen,Flöha,FLÖha,07d97651-8268-461e-a43c-bd494d3d6c8f,Sachsen,,
D,FN,Bodenseekreis,Friedrichshafen,FriedrichshafeN,3afe663f-8f23-4325-9ac6-1152875a8528,Baden-Württemberg,,
D,FO,Forchheim,Forchheim,FOrchheim,db570744-2875-4814-8782-05fb28e451ec,Bayern,,
D,FOR,Spree-Neiße,Forst,FORst,83876b48-e588-4d24-a55d-e57bd0a23fe6,Brandenburg,,
D,FR,"Stadt Freiburg im Breisgau, Breisgau-Hochschwarzwald",Freiburg,FReiburg,3afe663f-8f23-4325-9ac6-1152875a8528,Baden-Württemberg,"3,3",
D,FRG,Freyung-Grafenau,"Freyung, Grafenau","FReyung, Grafenau",db570744-2875-4814-8782-05fb28e451ec,Bayern,,
D,FRI,Friesland,Friesland,FRIesland,92bf005e-2b97-4d41-a651-9759d3c0b48c,Niedersachsen,,
D,FRW,Märkisch-Oderland,Freienwalde,FReienWalde,83876b48-e588-4d24-a55d-e57bd0a23fe6,Brandenburg,,
D,FS,"Freising, Moosburg",Freising,FreiSing,db570744-2875-4814-8782-05fb28e451ec,Bayern,"3,3",
D,FT,Stadt Frankenthal (Pfalz),Frankenthal,FrankenThal,144b42c4-7d68-487f-9292-0c6009d8b9ce,Rheinland-Pfalz,,"auslaufend Kreis, Abwicklung: Zulassungsbehörde Bad Dürkheim und Rhein-Pfalz-Kreis"
D,FTL,Sächsische Schweiz-Osterzgebirge,Freital,FreiTaL,07d97651-8268-461e-a43c-bd494d3d6c8f,Sachsen,,
D,FW,Oder-Spree,Fürstenwalde,FürstenWalde,83876b48-e588-4d24-a55d-e57bd0a23fe6,Brandenburg,,
D,FZ,Schwalm-Eder-Kreis,Fritzlar,FritZlar,632d4fda-80d9-40ea-a608-fd0284c10945,Hessen,,
D,FÜ,Fürth,Fürth,FÜrth,db570744-2875-4814-8782-05fb28e451ec,Bayern,1,
D,FÜS,Ostallgäu,Füssen,FÜSsen,db570744-2875-4814-8782-05fb28e451ec,Bayern,,
D,G,Stadt Gera,Gera,Gera,fda8e1a5-2ede-465b-a88a-f6a995ff692e,Thüringen,,"auslaufend Kreis, Abwicklung: Zulassungsbehörde Greiz"
D,GA,Altmarkkreis Salzwedel,Gardelegen,GArdelegen,e4d7462d-d6fd-48a6-9337-bf0bcb883966,Sachsen-Anhalt,,
D,GAN,Northeim,Gandersheim,GANdersheim,92bf005e-2b97-4d41-a651-9759d3c0b48c,Niedersachsen,,
D,GAP,Garmisch-Partenkirchen,Garmisch-Partenkirchen,GArmisch-Partenkirchen,db570744-2875-4814-8782-05fb28e451ec,Bayern,,
D,GC,Zwickau,Glauchau,GlauChau,07d97651-8268-461e-a43c-bd494d3d6c8f,Sachsen,,
D,GD,Ostalbkreis,Gmünd,GmünD,3afe663f-8f23-4325-9ac6-1152875a8528,Baden-Württemberg,,
D,GDB,Nordwestmecklenburg,Gadebusch,GaDeBusch,8e0cd2ee-f394-46be-9cb5-1f1df6941f7b,Mecklenburg-Vorpommern,,
D,GE,Stadt Gelsenkirchen,Gelsenkirchen,GElsenkirchen,8084bb44-94a4-423f-be8e-a4ad8d229bb1,Nordrhein-Westfalen,,
D,GEL,Kleve,Geldern,GELdern,8084bb44-94a4-423f-be8e-a4ad8d229bb1,Nordrhein-Westfalen,,
D,GEO,"Haßberge, Schweinfurt",Gerolzhofen,GErOlzhofen,db570744-2875-4814-8782-05fb28e451ec,Bayern,"3,3",
D,GER,Germersheim,Germersheim,GERmersheim,144b42c4-7d68-487f-9292-0c6009d8b9ce,Rheinland-Pfalz,,
D,GF,Gifhorn,Gifhorn,GiFhorn,92bf005e-2b97-4d41-a651-9759d3c0b48c,Niedersachsen,,
D,GG,Groß-Gerau,Groß-Gerau,Groß-Gerau,632d4fda-80d9-40ea-a608-fd0284c10945,Hessen,,
D,GHA,Leipzig,Geithain,GeitHAin,07d97651-8268-461e-a43c-bd494d3d6c8f,Sachsen,,
D,GHC,Wittenberg,Gräfenhainichen,GräfenHainiChen,e4d7462d-d6fd-48a6-9337-bf0bcb883966,Sachsen-Anhalt,,
D,GI,Gießen,Gießen,GIeßen,632d4fda-80d9-40ea-a608-fd0284c10945,Hessen,,
D,GK,Heinsberg,Geilenkirchen,GeilenKirchen,8084bb44-94a4-423f-be8e-a4ad8d229bb1,Nordrhein-Westfalen,,
D,GL,Rheinisch-Bergischer Kreis,Gladbach,GLadbach,8084bb44-94a4-423f-be8e-a4ad8d229bb1,Nordrhein-Westfalen,,
D,GLA,Recklinghausen,Gladbeck,GLAdbeck,8084bb44-94a4-423f-be8e-a4ad8d229bb1,Nordrhein-Westfalen,,
D,GM,Oberbergischer Kreis,Gummersbach,GumMersbach,8084bb44-94a4-423f-be8e-a4ad8d229bb1,Nordrhein-Westfalen,,
D,GMN,Vorpommern-Rügen,Grimmen,GrimMeN,8e0cd2ee-f394-46be-9cb5-1f1df6941f7b,Mecklenburg-Vorpommern,,
D,GN,Main-Kinzig-Kreis,Gelnhausen,GelnhauseN,632d4fda-80d9-40ea-a608-fd0284c10945,Hessen,,
D,GNT,Jerichower Land,Genthin,GeNThin,e4d7462d-d6fd-48a6-9337-bf0bcb883966,Sachsen-Anhalt,,
D,GOA,Rhein-Hunsrück-Kreis,Sankt Goar,Sankt GOAr,144b42c4-7d68-487f-9292-0c6009d8b9ce,Rheinland-Pfalz,,
D,GOH,Rhein-Lahn-Kreis,Sankt Goarshausen,Sankt GOarsHausen,144b42c4-7d68-487f-9292-0c6009d8b9ce,Rheinland-Pfalz,,
D,GP,Göppingen,Göppingen,GöpPingen,3afe663f-8f23-4325-9ac6-1152875a8528,Baden-Württemberg,,
D,GR,Görlitz,Görlitz,GöRlitz,07d97651-8268-461e-a43c-bd494d3d6c8f,Sachsen,,
D,GRA,Freyung-Grafenau,Grafenau,GRAfenau,db570744-2875-4814-8782-05fb28e451ec,Bayern,,
D,GRH,Meißen,Großenhain,GRoßenHain,07d97651-8268-461e-a43c-bd494d3d6c8f,Sachsen,,
D,GRI,Rottal-Inn,Griesbach,GRIesbach,db570744-2875-4814-8782-05fb28e451ec,Bayern,,
D,GRM,Leipzig,Grimma,GRimMa,07d97651-8268-461e-a43c-bd494d3d6c8f,Sachsen,,
D,GRZ,Greiz,Greiz,GReiZ,fda8e1a5-2ede-465b-a88a-f6a995ff692e,Thüringen,,
D,GS,Goslar,Goslar,GoSlar,92bf005e-2b97-4d41-a651-9759d3c0b48c,Niedersachsen,,
D,GT,Gütersloh,Gütersloh,GüTersloh,8084bb44-94a4-423f-be8e-a4ad8d229bb1,Nordrhein-Westfalen,,
D,GTH,Gotha,Gotha,GoTHa,fda8e1a5-2ede-465b-a88a-f6a995ff692e,Thüringen,,
D,GUB,Spree-Neiße,Guben,GUBen,83876b48-e588-4d24-a55d-e57bd0a23fe6,Brandenburg,,
D,GUN,Weißenburg-Gunzenhausen,Gunzenhausen,GUNzenhausen,db570744-2875-4814-8782-05fb28e451ec,Bayern,,
D,GV,Rhein-Kreis Neuss,Grevenbroich,GreVenbroich,8084bb44-94a4-423f-be8e-a4ad8d229bb1,Nordrhein-Westfalen,,
D,GVM,Nordwestmecklenburg,Grevesmühlen,GreVesMühlen,8e0cd2ee-f394-46be-9cb5-1f1df6941f7b,Mecklenburg-Vorpommern,,
D,GW,Vorpommern-Greifswald,Greifswald,GreifsWald,8e0cd2ee-f394-46be-9cb5-1f1df6941f7b,Mecklenburg-Vorpommern,,
D,GZ,Günzburg,Günzburg,GünZburg,db570744-2875-4814-8782-05fb28e451ec,Bayern,,
D,GÖ,Göttingen,Göttingen,GÖttingen,92bf005e-2b97-4d41-a651-9759d3c0b48c,Niedersachsen,1,
D,GÜ,Landkreis Rostock,Güstrow,GÜstrow,8e0cd2ee-f394-46be-9cb5-1f1df6941f7b,Mecklenburg-Vorpommern,,
D,H,Hannover,Hannover,Hannover,92bf005e-2b97-4d41-a651-9759d3c0b48c,Niedersachsen,1,
D,HA,Stadt Hagen,Hagen,HAgen,8084bb44-94a4-423f-be8e-a4ad8d229bb1,Nordrhein-Westfalen,,
D,HAB,Bad Kissingen,Hammelburg,HAmmelBurg,db570744-2875-4814-8782-05fb28e451ec,Bayern,,
D,HAL,Stadt Halle,Halle,HALle,e4d7462d-d6fd-48a6-9337-bf0bcb883966,Sachsen-Anhalt,,
D,HAM,Stadt Hamm,Hamm,HAMm,8084bb44-94a4-423f-be8e-a4ad8d229bb1,Nordrhein-Westfalen,,
D,HAS,Haßberge,Hassfurt,HASsfurt,db570744-2875-4814-8782-05fb28e451ec,Bayern,,
D,HB,Freie Hansestadt Bremen,Hansestadt Bremen,Hansestadt Bremen,ace2d947-7092-403e-944f-f0ed4757bbfc,Bremen,1,
D,HBN,Hildburghausen,Hildburghausen,HildBurghauseN,fda8e1a5-2ede-465b-a88a-f6a995ff692e,Thüringen,,
D,HBS,Harz,Halberstadt,HalBerStadt,e4d7462d-d6fd-48a6-9337-bf0bcb883966,Sachsen-Anhalt,,
D,HC,Mittelsachsen,Hainichen,HainiChen,07d97651-8268-461e-a43c-bd494d3d6c8f,Sachsen,,
D,HCH,"Freudenstadt, Zollernalbkreis",Hechingen,HeCHingen,3afe663f-8f23-4325-9ac6-1152875a8528,Baden-Württemberg,"3,3",
D,HD,"Stadt Heidelberg, Rhein-Neckar-Kreis",Heidelberg,HeiDelberg,3afe663f-8f23-4325-9ac6-1152875a8528,Baden-Württemberg,"3,3",
D,HDH,Heidenheim,Heidenheim,HeiDenHeim,3afe663f-8f23-4325-9ac6-1152875a8528,Baden-Württemberg,,
D,HDL,Börde,Haldensleben,HalDensLeben,e4d7462d-d6fd-48a6-9337-bf0bcb883966,Sachsen-Anhalt,,
D,HE,Helmstedt,Helmstedt,HElmstedt,92bf005e-2b97-4d41-a651-9759d3c0b48c,Niedersachsen,,
D,HEB,Nürnberger Land,Hersbruck,HErsBruck,db570744-2875-4814-8782-05fb28e451ec,Bayern,,
D,HEF,Hersfeld-Rotenburg,Hersfeld,HErsFeld,632d4fda-80d9-40ea-a608-fd0284c10945,Hessen,,
D,HEI,Dithmarschen,Heide,HEIde,8559927d-c36a-4a30-acb9-9c2bee46dc2f,Schleswig-Holstein,,
D,HER,Stadt Herne,Herne,HERne,8084bb44-94a4-423f-be8e-a4ad8d229bb1,Nordrhein-Westfalen,,
D,HET,Mansfeld-Südharz,Hettstedt,HETtstedt,e4d7462d-d6fd-48a6-9337-bf0bcb883966,Sachsen-Anhalt,,
D,HF,Herford,Herford,HerFord,8084bb44-94a4-423f-be8e-a4ad8d229bb1,Nordrhein-Westfalen,,
D,HG,Hochtaunuskreis,Homburg,HomburG,632d4fda-80d9-40ea-a608-fd0284c10945,Hessen,,
D,HGN,Ludwigslust-Parchim,Hagenow,HaGeNow,8e0cd2ee-f394-46be-9cb5-1f1df6941f7b,Mecklenburg-Vorpommern,,
D,HGW,Hansestadt Greifswald,Hansestadt Greifswald,Hansestadt GreifsWald,8e0cd2ee-f394-46be-9cb5-1f1df6941f7b,Mecklenburg-Vorpommern,,
D,HH,Freie und Hansestadt Hamburg,Hansestadt Hamburg,Hansestadt Hamburg,b1f1827a-729d-48dc-a13b-78cccd95ebb2,Hamburg,,
D,HHM,Burgenlandkreis,Hohenmölsen,HoHenMölsen,e4d7462d-d6fd-48a6-9337-bf0bcb883966,Sachsen-Anhalt,,
D,HI,Hildesheim,Hildesheim,HIldesheim,92bf005e-2b97-4d41-a651-9759d3c0b48c,Niedersachsen,,
D,HIG,Eichsfeld,Heiligenstadt,HeilIGenstadt,fda8e1a5-2ede-465b-a88a-f6a995ff692e,Thüringen,,
D,HIP,Roth,Hilpoltstein,HIlPoltstein,db570744-2875-4814-8782-05fb28e451ec,Bayern,,
D,HK,Heidekreis,Heidekreis,HeideKreis,92bf005e-2b97-4d41-a651-9759d3c0b48c,Niedersachsen,,
D,HL,Hansestadt Lübeck,Hansestadt Lübeck,Hansestadt Lübeck,8559927d-c36a-4a30-acb9-9c2bee46dc2f,Schleswig-Holstein,,
D,HM,Hameln-Pyrmont,Hameln,HaMeln,92bf005e-2b97-4d41-a651-9759d3c0b48c,Niedersachsen,,
D,HMÜ,Göttingen,Hann. Münden,Hann. MÜnden,92bf005e-2b97-4d41-a651-9759d3c0b48c,Niedersachsen,,
D,HN,Heilbronn,Heilbronn,HeilbronN,3afe663f-8f23-4325-9ac6-1152875a8528,Baden-Württemberg,1,
D,HO,Hof,Hof,HOf,db570744-2875-4814-8782-05fb28e451ec,Bayern,1,
D,HOG,Kassel,Hofgeismar,HOfGeismar,632d4fda-80d9-40ea-a608-fd0284c10945,Hessen,,
D,HOH,Haßberge,Hofheim,HOfHeim,db570744-2875-4814-8782-05fb28e451ec,Bayern,,
D,HOL,Holzminden,Holzminden,HOLzminden,92bf005e-2b97-4d41-a651-9759d3c0b48c,Niedersachsen,,
D,HOM,Saarpfalz-Kreis außer Stadt St. Ingbert (IGB),Homburg,HOMburg,22908860-32b2-4b70-888f-2ccb732bfc59,Saarland,,
D,HOR,Freudenstadt,Horb,HORb,3afe663f-8f23-4325-9ac6-1152875a8528,Baden-Württemberg,,
D,HOT,Zwickau,Hohenstein,HOhensTein,07d97651-8268-461e-a43c-bd494d3d6c8f,Sachsen,,
D,HP,Bergstraße,Heppenheim,HepPenheim,632d4fda-80d9-40ea-a608-fd0284c10945,Hessen,,
D,HR,Schwalm-Eder-Kreis,Homberg,HombeRg,632d4fda-80d9-40ea-a608-fd0284c10945,Hessen,,
D,HRO,Hansestadt Rostock,Hansestadt Rostock,Hansestadt ROstock,8e0cd2ee-f394-46be-9cb5-1f1df6941f7b,Mecklenburg-Vorpommern,,
D,HS,Heinsberg,Heinsberg,HeinSberg,8084bb44-94a4-423f-be8e-a4ad8d229bb1,Nordrhein-Westfalen,,
D,HSK,Hochsauerlandkreis,Hochsauerlandkreis,HochSauerlandKreis,8084bb44-94a4-423f-be8e-a4ad8d229bb1,Nordrhein-Westfalen,,
D,HST,Hansestadt Stralsund,Hansestadt Stralsund,Hansestadt STralsund,8e0cd2ee-f394-46be-9cb5-1f1df6941f7b,Mecklenburg-Vorpommern,1,"auslaufend Kreis, Abwicklung: Zulassungsbehörde Vorpommern-Rügen"
D,HU,"Hanau, Main-Kinzig-Kreis",Hanau,HanaU,632d4fda-80d9-40ea-a608-fd0284c10945,Hessen,"2,2",
D,HV,Stendal,Havelberg,HaVelberg,e4d7462d-d6fd-48a6-9337-bf0bcb883966,Sachsen-Anhalt,,
D,HVL,Havelland,Havelland,HaVelLand,83876b48-e588-4d24-a55d-e57bd0a23fe6,Brandenburg,,
D,HWI,Hansestadt Wismar,Hansestadt Wismar,Hansestadt WIsmar,8e0cd2ee-f394-46be-9cb5-1f1df6941f7b,Mecklenburg-Vorpommern,,
D,HX,Höxter,Höxter,HöXter,8084bb44-94a4-423f-be8e-a4ad8d229bb1,Nordrhein-Westfalen,,
D,HY,Bautzen,Hoyerswerda,HoYerswerda,07d97651-8268-461e-a43c-bd494d3d6c8f,Sachsen,,
D,HZ,Harz,Harz,HarZ,e4d7462d-d6fd-48a6-9337-bf0bcb883966,Sachsen-Anhalt,,
D,HÖS,Erlangen-Höchstadt,Höchstadt,HÖchStadt,db570744-2875-4814-8782-05fb28e451ec,Bayern,,
D,IGB,Stadt St. Ingbert,Ingbert,InGBert,22908860-32b2-4b70-888f-2ccb732bfc59,Saarland,,
D,IK,Ilm-Kreis,Ilm-Kreis,Ilm-Kreis,fda8e1a5-2ede-465b-a88a-f6a995ff692e,Thüringen,,
D,IL,Ilm-Kreis,Ilmenau,ILmenau,fda8e1a5-2ede-465b-a88a-f6a995ff692e,Thüringen,,
D,ILL,Neu-Ulm,Illertissen,ILLertissen,db570744-2875-4814-8782-05fb28e451ec,Bayern,,
D,IN,Stadt Ingolstadt,Ingolstadt,INgolstadt,db570744-2875-4814-8782-05fb28e451ec,Bayern,,"auslaufend Kreis, Abwicklung: Zulassungsbehörde Eichstätt"
D,IZ,Steinburg,Itzehoe,ItZehoe,8559927d-c36a-4a30-acb9-9c2bee46dc2f,Schleswig-Holstein,,
D,J,Stadt Jena,Jena,Jena,fda8e1a5-2ede-465b-a88a-f6a995ff692e,Thüringen,,"auslaufend Kreis, Abwicklung: Zulassungsbehörde Saale-Holzland-Kreis"
D,JB,Teltow-Fläming,Jüterbog,JüterBog,83876b48-e588-4d24-a55d-e57bd0a23fe6,Brandenburg,,
D,JE,Wittenberg,Jessen,JEssen,e4d7462d-d6fd-48a6-9337-bf0bcb883966,Sachsen-Anhalt,,
D,JL,Jerichower Land,Jerichower Land,Jerichower Land,e4d7462d-d6fd-48a6-9337-bf0bcb883966,Sachsen-Anhalt,,
D,JÜL,Düren,Jülich,JÜLich,8084bb44-94a4-423f-be8e-a4ad8d229bb1,Nordrhein-Westfalen,,
D,K,Stadt Köln,Köln,Köln,8084bb44-94a4-423f-be8e-a4ad8d229bb1,Nordrhein-Westfalen,,
D,KA,Karlsruhe,Karlsruhe,KArlsruhe,3afe663f-8f23-4325-9ac6-1152875a8528,Baden-Württemberg,1,
D,KB,Waldeck-Frankenberg,Korbach,KorBach,632d4fda-80d9-40ea-a608-fd0284c10945,Hessen,,
D,KC,Kronach,Kronach,KronaCh,db570744-2875-4814-8782-05fb28e451ec,Bayern,,
D,KE,Stadt Kempten (Allgäu),Kempten,KEmpten,db570744-2875-4814-8782-05fb28e451ec,Bayern,1,"auslaufend Kreis, Abwicklung: Zulassungsbehörde Oberallgäu"
D,KEH,Kelheim,Kelheim,KElHeim,db570744-2875-4814-8782-05fb28e451ec,Bayern,,
D,KEL,Ortenaukreis,Kehl,KEhL,3afe663f-8f23-4325-9ac6-1152875a8528,Baden-Württemberg,,
D,KEM,"Bayreuth, Tirschenreuth",Kemnath,KEMnath,db570744-2875-4814-8782-05fb28e451ec,Bayern,"3,3",
D,KF,Stadt Kaufbeuren,Kaufbeuren,KauFbeuren,db570744-2875-4814-8782-05fb28e451ec,Bayern,,"auslaufend Kreis, Abwicklung: Zulassungsbehörde Ostallgäu"
D,KG,Bad Kissingen,Kissingen,KissinGen,db570744-2875-4814-8782-05fb28e451ec,Bayern,,
D,KH,Bad Kreuznach,Kreuznach,KreuznacH,144b42c4-7d68-487f-9292-0c6009d8b9ce,Rheinland-Pfalz,,
D,KI,Kiel,Kiel,KIel,8559927d-c36a-4a30-acb9-9c2bee46dc2f,Schleswig-Holstein,,
D,KIB,Donnersbergkreis,Kirchheimbolanden,KIrchheimBolanden,144b42c4-7d68-487f-9292-0c6009d8b9ce,Rheinland-Pfalz,,
D,KK,Viersen,"Kempen, Krefeld","Kempen, Krefeld",8084bb44-94a4-423f-be8e-a4ad8d229bb1,Nordrhein-Westfalen,,
D,KL,Kaiserslautern,Kaiserslautern,KaisersLautern,144b42c4-7d68-487f-9292-0c6009d8b9ce,Rheinland-Pfalz,,
D,KLE,Kleve,Kleve,KLEve,8084bb44-94a4-423f-be8e-a4ad8d229bb1,Nordrhein-Westfalen,,
D,KLZ,Altmarkkreis Salzwedel,Klötze,KLötZe,e4d7462d-d6fd-48a6-9337-bf0bcb883966,Sachsen-Anhalt,,
D,KM,Bautzen,Kamenz,KaMenz,07d97651-8268-461e-a43c-bd494d3d6c8f,Sachsen,,
D,KN,Konstanz,Konstanz,KoNstanz,3afe663f-8f23-4325-9ac6-1152875a8528,Baden-Württemberg,,
D,KO,Stadt Koblenz,Koblenz,KOblenz,144b42c4-7d68-487f-9292-0c6009d8b9ce,Rheinland-Pfalz,,"auslaufend Kreis, Abwicklung: Zulassungsbehörde Kreis Mayen-Koblenz"
D,KR,Stadt Krefeld,Krefeld,KRefeld,8084bb44-94a4-423f-be8e-a4ad8d229bb1,Nordrhein-Westfalen,,
D,KRU,Günzburg,Krumbach,KRUmbach,db570744-2875-4814-8782-05fb28e451ec,Bayern,,
D,KS,Kassel,Kassel,KasSel,632d4fda-80d9-40ea-a608-fd0284c10945,Hessen,3,
D,KT,Kitzingen,Kitzingen,KiTzingen,db570744-2875-4814-8782-05fb28e451ec,Bayern,,
D,KU,Kulmbach,Kulmbach,KUlmbach,db570744-2875-4814-8782-05fb28e451ec,Bayern,,
D,KUS,Kusel,Kusel,KUSel,144b42c4-7d68-487f-9292-0c6009d8b9ce,Rheinland-Pfalz,,
D,KW,Dahme-Spreewald,Königs Wusterhausen,Königs Wusterhausen,83876b48-e588-4d24-a55d-e57bd0a23fe6,Brandenburg,,
D,KY,Ostprignitz-Ruppin,Kyritz,KYritz,83876b48-e588-4d24-a55d-e57bd0a23fe6,Brandenburg,,
D,KYF,Kyffhäuserkreis,Kyffhäuser,KYFfhäuser,fda8e1a5-2ede-465b-a88a-f6a995ff692e,Thüringen,,
D,KÖN,Rhön-Grabfeld,Königshofen,KÖNigshofen,db570744-2875-4814-8782-05fb28e451ec,Bayern,,
D,KÖT,Anhalt-Bitterfeld,Köthen,KÖThen,e4d7462d-d6fd-48a6-9337-bf0bcb883966,Sachsen-Anhalt,,
D,KÖZ,Cham,Kötzting,KÖtZting,db570744-2875-4814-8782-05fb28e451ec,Bayern,,
D,KÜN,Hohenlohekreis,Künzelsau,KÜNzelsau,3afe663f-8f23-4325-9ac6-1152875a8528,Baden-Württemberg,,
D,L,Leipzig,Leipzig,Leipzig,07d97651-8268-461e-a43c-bd494d3d6c8f,Sachsen,1,
D,LA,Landshut,Landshut,LAndshut,db570744-2875-4814-8782-05fb28e451ec,Bayern,1,
D,LAN,Dingolfing-Landau,Landau,LANdau,db570744-2875-4814-8782-05fb28e451ec,Bayern,,
D,LAU,Nürnberger Land,Lauf,LAUf,db570744-2875-4814-8782-05fb28e451ec,Bayern,,
D,LB,Ludwigsburg,Ludwigsburg,LudwigsBurg,3afe663f-8f23-4325-9ac6-1152875a8528,Baden-Württemberg,,
D,LBS,Saale-Orla-Kreis,Lobenstein,LoBenStein,fda8e1a5-2ede-465b-a88a-f6a995ff692e,Thüringen,,
D,LBZ,Ludwigslust-Parchim,Lübz,LüBZ,8e0cd2ee-f394-46be-9cb5-1f1df6941f7b,Mecklenburg-Vorpommern,,
D,LC,Dahme-Spreewald,Luckau,LuCkau,83876b48-e588-4d24-a55d-e57bd0a23fe6,Brandenburg,,
D,LD,Stadt Landau in der Pfalz,Landau,LanDau,144b42c4-7d68-487f-9292-0c6009d8b9ce,Rheinland-Pfalz,,"auslaufend Kreis, Abwicklung: Zulassungsbehörde Kreis Südliche Weinstraße"
D,LDK,Lahn-Dill-Kreis in Wetzlar,Lahn-Dill-Kreis,Lahn-Dill-Kreis,632d4fda-80d9-40ea-a608-fd0284c10945,Hessen,,
D,LDS,Dahme-Spreewald,Landkreis Dahme-Spreewald,Landkreis Dahme-Spreewald,83876b48-e588-4d24-a55d-e57bd0a23fe6,Brandenburg,,
D,LEO,Böblingen,Leonberg,LEOnberg,3afe663f-8f23-4325-9ac6-1152875a8528,Baden-Württemberg,,
D,LER,Leer,Leer,LEeR,92bf005e-2b97-4d41-a651-9759d3c0b48c,Niedersachsen,,
D,LEV,Stadt Leverkusen,Leverkusen,LEVerkusen,8084bb44-94a4-423f-be8e-a4ad8d229bb1,Nordrhein-Westfalen,,
D,LF,"Altötting, Berchtesgadener Land, Traunstein",Laufen,LauFen,db570744-2875-4814-8782-05fb28e451ec,Bayern,"3,3,3",
D,LG,Lüneburg,Lüneburg,LüneburG,92bf005e-2b97-4d41-a651-9759d3c0b48c,Niedersachsen,,
D,LH,"Coesfeld, Unna",Lüdinghausen,LüdingHausen,8084bb44-94a4-423f-be8e-a4ad8d229bb1,Nordrhein-Westfalen,"3,3",
D,LI,Lindau (Bodensee),Lindau,LIndau,db570744-2875-4814-8782-05fb28e451ec,Bayern,,
D,LIB,Elbe-Elster,Liebenwerda,LIeBenwerda,83876b48-e588-4d24-a55d-e57bd0a23fe6,Brandenburg,,
D,LIF,Lichtenfels,Lichtenfels,LIchtenFels,db570744-2875-4814-8782-05fb28e451ec,Bayern,,
D,LIP,Lippe,Lippe,LIPpe,8084bb44-94a4-423f-be8e-a4ad8d229bb1,Nordrhein-Westfalen,,
D,LL,Landsberg am Lech,Landsberg am Lech,Landsberg am Lech,db570744-2875-4814-8782-05fb28e451ec,Bayern,,
D,LM,Limburg-Weilburg,Limburg,LiMburg,632d4fda-80d9-40ea-a608-fd0284c10945,Hessen,,
D,LN,Dahme-Spreewald,Lübben,LübbeN,83876b48-e588-4d24-a55d-e57bd0a23fe6,Brandenburg,,
D,LOS,Oder-Spree,Landkreis Oder-Spree,Landkreis Oder-Spree,83876b48-e588-4d24-a55d-e57bd0a23fe6,Brandenburg,,
D,LP,Soest,Lippstadt,LiPpstadt,8084bb44-94a4-423f-be8e-a4ad8d229bb1,Nordrhein-Westfalen,,
D,LR,Ortenaukreis,Lahr,LahR,3afe663f-8f23-4325-9ac6-1152875a8528,Baden-Württemberg,,
D,LRO,Landkreis Rostock,Landkreis Rostock,Landkreis ROstock,8e0cd2ee-f394-46be-9cb5-1f1df6941f7b,Mecklenburg-Vorpommern,,
D,LSZ,Unstrut-Hainich-Kreis,Langensalza,LangenSalZa,fda8e1a5-2ede-465b-a88a-f6a995ff692e,Thüringen,,
D,LU,Ludwigshafen am Rhein,Ludwigshafen,LUdwigshafen,144b42c4-7d68-487f-9292-0c6009d8b9ce,Rheinland-Pfalz,,"auslaufend Kreis, Abwicklung: Zulassungsbehörde Rheinland-Pfalz-Kreis"
D,LUK,Teltow-Fläming,Luckenwalde,LUcKenwalde,83876b48-e588-4d24-a55d-e57bd0a23fe6,Brandenburg,,
D,LUP,Ludwigslust-Parchim,"Ludwigslust, Parchim","LUdwigslust, Parchim",8e0cd2ee-f394-46be-9cb5-1f1df6941f7b,Mecklenburg-Vorpommern,,
D,LWL,Ludwigslust-Parchim,Ludwigslust,LudWigsLust,8e0cd2ee-f394-46be-9cb5-1f1df6941f7b,Mecklenburg-Vorpommern,,
D,LÖ,Lörrach,Lörrach,LÖrrach,3afe663f-8f23-4325-9ac6-1152875a8528,Baden-Württemberg,,
D,LÖB,Görlitz,Löbau,LÖBau,07d97651-8268-461e-a43c-bd494d3d6c8f,Sachsen,,
D,LÜN,Unna,Lünen,LÜNen,8084bb44-94a4-423f-be8e-a4ad8d229bb1,Nordrhein-Westfalen,,
D,M,München,München,München,db570744-2875-4814-8782-05fb28e451ec,Bayern,1,
D,MA,Stadt Mannheim,Mannheim,MAnnheim,3afe663f-8f23-4325-9ac6-1152875a8528,Baden-Württemberg,,"auslaufend Kreis, Abwicklung: Zulassungsbehörde Rhein-Neckar-Kreis"
D,MAB,Erzgebirgskreis,Marienberg,MArienBerg,07d97651-8268-461e-a43c-bd494d3d6c8f,Sachsen,,
D,MAI,"Kelheim, Landshut",Mainburg,MAInburg,db570744-2875-4814-8782-05fb28e451ec,Bayern,"3,3",
D,MAK,Wunsiedel i. Fichtelgebirge,Marktredwitz,MArKtredwitz,db570744-2875-4814-8782-05fb28e451ec,Bayern,,
D,MAL,Landshut Straubing-Bogen,Mallersdorf,MALlersdorf,db570744-2875-4814-8782-05fb28e451ec,Bayern,"3,3",
D,MB,Miesbach,Miesbach,MiesBach,db570744-2875-4814-8782-05fb28e451ec,Bayern,,
D,MC,Mecklenburgische Seenplatte,Malchin,MalChin,8e0cd2ee-f394-46be-9cb5-1f1df6941f7b,Mecklenburg-Vorpommern,,
D,MD,Stadt Magdeburg,Magdeburg,MagDeburg,e4d7462d-d6fd-48a6-9337-bf0bcb883966,Sachsen-Anhalt,,
D,ME,Mettmann,Mettmann,MEttmann,8084bb44-94a4-423f-be8e-a4ad8d229bb1,Nordrhein-Westfalen,,
D,MED,Dithmarschen,Meldorf,MElDorf,8559927d-c36a-4a30-acb9-9c2bee46dc2f,Schleswig-Holstein,,
D,MEG,Schwalm-Eder-Kreis,Melsungen,MElsunGen,632d4fda-80d9-40ea-a608-fd0284c10945,Hessen,,
D,MEI,Meißen,Meißen,MEIßen,07d97651-8268-461e-a43c-bd494d3d6c8f,Sachsen,,
D,MEK,Erzgebirgskreis,Mittlerer Erzgebirgskreis,Mittlerer ErzgebirgsKreis,07d97651-8268-461e-a43c-bd494d3d6c8f,Sachsen,,
D,MEL,Osnabrück,Melle,MELle,92bf005e-2b97-4d41-a651-9759d3c0b48c,Niedersachsen,,
D,MER,Saalekreis,Merseburg,MERseburg,e4d7462d-d6fd-48a6-9337-bf0bcb883966,Sachsen-Anhalt,,
D,MET,Rhön-Grabfeld,Mellrichstadt,MEllrichstadT,db570744-2875-4814-8782-05fb28e451ec,Bayern,,
D,MG,Stadt Mönchengladbach,Mönchengladbach,MönchenGladbach,8084bb44-94a4-423f-be8e-a4ad8d229bb1,Nordrhein-Westfalen,,
D,MGH,Main-Tauber-Kreis,Mergentheim,MerGentHeim,3afe663f-8f23-4325-9ac6-1152875a8528,Baden-Württemberg,,
D,MGN,Schmalkalden-Meiningen,Meiningen,MeininGeN,fda8e1a5-2ede-465b-a88a-f6a995ff692e,Thüringen,,
D,MH,Stadt Mülheim an der Ruhr,Mülheim,MülHeim,8084bb44-94a4-423f-be8e-a4ad8d229bb1,Nordrhein-Westfalen,,
D,MHL,Unstrut-Hainich-Kreis,Mühlhausen,MüHLhausen,fda8e1a5-2ede-465b-a88a-f6a995ff692e,Thüringen,,
D,MI,Minden-Lübbecke,Minden,MInden,8084bb44-94a4-423f-be8e-a4ad8d229bb1,Nordrhein-Westfalen,,
D,MIL,Miltenberg,Miltenberg,MILtenberg,db570744-2875-4814-8782-05fb28e451ec,Bayern,,
D,MK,Märkischer Kreis,Märkischer Kreis,Märkischer Kreis,8084bb44-94a4-423f-be8e-a4ad8d229bb1,Nordrhein-Westfalen,,
D,MKK,Main-Kinzig-Kreis,Main-Kinzig-Kreis,Main-Kinzig-Kreis,632d4fda-80d9-40ea-a608-fd0284c10945,Hessen,,
D,ML,Mansfeld-Südharz,Mansfelder Land,Mansfelder Land,e4d7462d-d6fd-48a6-9337-bf0bcb883966,Sachsen-Anhalt,,
D,MM,Stadt Memmingen,Memmingen,MemMingen,db570744-2875-4814-8782-05fb28e451ec,Bayern,1,"auslaufend Kreis, Abwicklung: Zulassungsbehörde Unterallgäu"
D,MN,Unterallgäu,Mindelheim,MiNdelheim,db570744-2875-4814-8782-05fb28e451ec,Bayern,,
D,MO,Wesel,Moers,MOers,8084bb44-94a4-423f-be8e-a4ad8d229bb1,Nordrhein-Westfalen,,
D,MOD,Ostallgäu,Marktoberdorf,MarktOberDorf,db570744-2875-4814-8782-05fb28e451ec,Bayern,,
D,MOL,Märkisch-Oderland,Märkisch-Oderland,Märkisch-OderLand,83876b48-e588-4d24-a55d-e57bd0a23fe6,Brandenburg,,
D,MON,"Aachen, Düren",Monschau,MONschau,8084bb44-94a4-423f-be8e-a4ad8d229bb1,Nordrhein-Westfalen,"3,3",
D,MOS,Neckar-Odenwald-Kreis,Mosbach,MOSbach,3afe663f-8f23-4325-9ac6-1152875a8528,Baden-Württemberg,,
D,MQ,Saalekreis,"Merseburg, Querfurt","Merseburg, Querfurt",e4d7462d-d6fd-48a6-9337-bf0bcb883966,Sachsen-Anhalt,,
D,MR,Marburg-Biedenkopf,Marburg,MaRburg,632d4fda-80d9-40ea-a608-fd0284c10945,Hessen,,
D,MS,Stadt Münster,Münster,MünSter,8084bb44-94a4-423f-be8e-a4ad8d229bb1,Nordrhein-Westfalen,,
D,MSE,Mecklenburgische Seenplatte,Mecklenburgische Seenplatte,Mecklenburgische SEenplatte,8e0cd2ee-f394-46be-9cb5-1f1df6941f7b,Mecklenburg-Vorpommern,,
D,MSH,Mansfeld-Südharz,"Mansfeld, Südharz","Mansfeld, SüdHarz",e4d7462d-d6fd-48a6-9337-bf0bcb883966,Sachsen-Anhalt,,
D,MSP,Main-Spessart,"Main, Spessart","Main, SPessart",db570744-2875-4814-8782-05fb28e451ec,Bayern,,
D,MST,Mecklenburgische Seenplatte,Mecklenburg-Strelitz,Mecklenburg-STrelitz,8e0cd2ee-f394-46be-9cb5-1f1df6941f7b,Mecklenburg-Vorpommern,,
D,MTK,Main-Taunus-Kreis,Main-Taunus-Kreis,Main-Taunus-Kreis,632d4fda-80d9-40ea-a608-fd0284c10945,Hessen,,
D,MTL,Leipzig,Muldental,MuldenTaL,07d97651-8268-461e-a43c-bd494d3d6c8f,Sachsen,,
D,MUC,Stadt München,München,MUenChen,db570744-2875-4814-8782-05fb28e451ec,Bayern,,
D,MW,Mittelsachsen,Mittweida,MittWeida,07d97651-8268-461e-a43c-bd494d3d6c8f,Sachsen,,
D,MY,Mayen-Koblenz,Mayen,MaYen,144b42c4-7d68-487f-9292-0c6009d8b9ce,Rheinland-Pfalz,,
D,MYK,Mayen-Koblenz,"Mayen, Koblenz","MaYen, Koblenz",144b42c4-7d68-487f-9292-0c6009d8b9ce,Rheinland-Pfalz,,
D,MZ,Mainz,Mainz,MainZ,144b42c4-7d68-487f-9292-0c6009d8b9ce,Rheinland-Pfalz,1,
D,MZG,Merzig-Wadern,Merzig,MerZiG,22908860-32b2-4b70-888f-2ccb732bfc59,Saarland,,
D,MÜ,Mühldorf am Inn,Mühldorf,MÜhldorf,db570744-2875-4814-8782-05fb28e451ec,Bayern,,
D,MÜB,"Bayreuth, Hof",Münchberg,MÜnchBerg,db570744-2875-4814-8782-05fb28e451ec,Bayern,"3,3",
D,MÜL,Breisgau-Hochschwarzwald,Müllheim,MÜLlheim,3afe663f-8f23-4325-9ac6-1152875a8528,Baden-Württemberg,,
D,MÜR,Mecklenburgische Seenplatte,Müritz,MÜRitz,8e0cd2ee-f394-46be-9cb5-1f1df6941f7b,Mecklenburg-Vorpommern,,
D,N,"Nürnberg Stadt, Nürnberger Land",Nürnberg,Nürnberg,db570744-2875-4814-8782-05fb28e451ec,Bayern,"3,3",
D,NAB,"Amberg-Sulzbach, Schwandorf",Nabburg,NABburg,db570744-2875-4814-8782-05fb28e451ec,Bayern,"3,3",
D,NAI,Hof,Naila,NAIla,db570744-2875-4814-8782-05fb28e451ec,Bayern,,
D,NAU,Havelland,Nauen,NAUen,83876b48-e588-4d24-a55d-e57bd0a23fe6,Brandenburg,,
D,NB,Stadt Neubrandenburg,Neubrandenburg,NeuBrandenburg,8e0cd2ee-f394-46be-9cb5-1f1df6941f7b,Mecklenburg-Vorpommern,1,"auslaufend Kreis, Abwicklung: Zulassungsbehörde Mecklenburg-Strelitz"
D,ND,Neuburg-Schrobenhausen,Neuburg an der Donau,Neuburg an der Donau,db570744-2875-4814-8782-05fb28e451ec,Bayern,,
D,NDH,Nordhausen,Nordhausen,NorDHausen,fda8e1a5-2ede-465b-a88a-f6a995ff692e,Thüringen,,
D,NE,Rhein-Kreis Neuss,Neuss,NEuss,8084bb44-94a4-423f-be8e-a4ad8d229bb1,Nordrhein-Westfalen,,
D,NEA,Neustadt an der Aisch-Bad Winsheim,Neustadt an der Aisch,NEustadt an der Aisch,db570744-2875-4814-8782-05fb28e451ec,Bayern,,
D,NEB,Burgenlandkreis,Nebra,NEBra,e4d7462d-d6fd-48a6-9337-bf0bcb883966,Sachsen-Anhalt,,
D,NEC,"Zulassungsstelle Coburg, Zweckverband",Neustadt bei Coburg,NEustadt bei Coburg,db570744-2875-4814-8782-05fb28e451ec,Bayern,,
D,NEN,Schwandorf,Neunburg,NEuNburg,db570744-2875-4814-8782-05fb28e451ec,Bayern,,
D,NES,Rhön-Grabfeld,Neustadt an der Saale,NEustadt an der Saale,db570744-2875-4814-8782-05fb28e451ec,Bayern,,
D,NEU,Breisgau-Hochschwarzwald,Neustadt,NEUstadt,3afe663f-8f23-4325-9ac6-1152875a8528,Baden-Württemberg,,
D,NEW,Neustadt an der Waldnaab,Neustadt an der Waldnaab,NEustadt an der Waldnaab,db570744-2875-4814-8782-05fb28e451ec,Bayern,,
D,NF,Nordfriesland,Nordfriesland,NordFriesland,8559927d-c36a-4a30-acb9-9c2bee46dc2f,Schleswig-Holstein,,
D,NH,Sonneberg,Neuhaus,NeuHaus,fda8e1a5-2ede-465b-a88a-f6a995ff692e,Thüringen,,
D,NI,Nienburg (Weser),Nienburg,NIenburg,92bf005e-2b97-4d41-a651-9759d3c0b48c,Niedersachsen,,
D,NK,Neunkirchen Saar,Neunkirchen,NeunKirchen,22908860-32b2-4b70-888f-2ccb732bfc59,Saarland,,
D,NM,Neumarkt in der Oberpfalz,Neumarkt,NeuMarkt,db570744-2875-4814-8782-05fb28e451ec,Bayern,,
D,NMB,Burgenlandkreis,Naumburg,NauMBurg,e4d7462d-d6fd-48a6-9337-bf0bcb883966,Sachsen-Anhalt,,
D,NMS,Neumünster,Neumünster,NeuMünSter,8559927d-c36a-4a30-acb9-9c2bee46dc2f,Schleswig-Holstein,,
D,NOH,Grafschaft Bentheim,Nordhorn,NOrdHorn,92bf005e-2b97-4d41-a651-9759d3c0b48c,Niedersachsen,,
D,NOL,Görlitz,Niederschlesische Oberlausitz,Niederschlesische OberLausitz,07d97651-8268-461e-a43c-bd494d3d6c8f,Sachsen,,
D,NOM,Northeim,Northeim,NOrtheiM,92bf005e-2b97-4d41-a651-9759d3c0b48c,Niedersachsen,,
D,NOR,Aurich,Norden,NORden,92bf005e-2b97-4d41-a651-9759d3c0b48c,Niedersachsen,,
D,NP,Ostprignitz-Ruppin,Neuruppin,NeurupPin,83876b48-e588-4d24-a55d-e57bd0a23fe6,Brandenburg,,
D,NR,Neuwied,Neuwied am Rhein,Neuwied am Rhein,144b42c4-7d68-487f-9292-0c6009d8b9ce,Rheinland-Pfalz,,
D,NT,Esslingen,Nürtingen,NürTingen,3afe663f-8f23-4325-9ac6-1152875a8528,Baden-Württemberg,,
D,NU,Neu-Ulm,Neu-Ulm,Neu-Ulm,db570744-2875-4814-8782-05fb28e451ec,Bayern,,
D,NVP,Vorpommern-Rügen,Nordvorpommern,NordVorPommern,8e0cd2ee-f394-46be-9cb5-1f1df6941f7b,Mecklenburg-Vorpommern,,
D,NW,Neustadt an der Weinstraße,Neustadt an der Weinstraße,Neustadt an der Weinstraße,144b42c4-7d68-487f-9292-0c6009d8b9ce,Rheinland-Pfalz,,"auslaufend Kreis, Abwicklung: Zulassungsbehörde Bad Dürkheim"
D,NWM,Nordwestmecklenburg,Nordwestmecklenburg,NordWestMecklenburg,8e0cd2ee-f394-46be-9cb5-1f1df6941f7b,Mecklenburg-Vorpommern,,
D,NY,Görlitz,Niesky,NieskY,07d97651-8268-461e-a43c-bd494d3d6c8f,Sachsen,,
D,NZ,Mecklenburgische Seenplatte,Neustrelitz,NeustrelitZ,8e0cd2ee-f394-46be-9cb5-1f1df6941f7b,Mecklenburg-Vorpommern,,
D,NÖ,Donau-Ries,Nördlingen,NÖrdlingen,db570744-2875-4814-8782-05fb28e451ec,Bayern,,
D,OA,Oberallgäu,Oberallgäu,OberAllgäu,db570744-2875-4814-8782-05fb28e451ec,Bayern,,
D,OAL,Ostallgäu,Ostallgäu,OstALlgäu,db570744-2875-4814-8782-05fb28e451ec,Bayern,,
D,OB,Stadt Oberhausen,Oberhausen,OBerhausen,8084bb44-94a4-423f-be8e-a4ad8d229bb1,Nordrhein-Westfalen,,
D,OBB,Miltenberg,Obernburg,OBernBurg,db570744-2875-4814-8782-05fb28e451ec,Bayern,,
D,OBG,Stendal,Osterburg,OsterBurG,e4d7462d-d6fd-48a6-9337-bf0bcb883966,Sachsen-Anhalt,,
D,OC,Börde,Oschersleben,OsChersleben,e4d7462d-d6fd-48a6-9337-bf0bcb883966,Sachsen-Anhalt,,
D,OCH,Würzburg,Ochsenfurt,OCHsenfurt,db570744-2875-4814-8782-05fb28e451ec,Bayern,,
D,OD,Stormarn,Oldesloe,OlDesloe,8559927d-c36a-4a30-acb9-9c2bee46dc2f,Schleswig-Holstein,,
D,OE,Olpe,Olpe,OlpE,8084bb44-94a4-423f-be8e-a4ad8d229bb1,Nordrhein-Westfalen,,
D,OF,Offenbach am Main,Offenbach,OFfenbach,632d4fda-80d9-40ea-a608-fd0284c10945,Hessen,2,
D,OG,Ortenaukreis,Offenburg,OffenburG,3afe663f-8f23-4325-9ac6-1152875a8528,Baden-Württemberg,,
D,OH,Ostholstein,Ostholstein,OstHolstein,8559927d-c36a-4a30-acb9-9c2bee46dc2f,Schleswig-Holstein,,
D,OHA,Göttingen,Osterode am Harz,Osterode am HArz,92bf005e-2b97-4d41-a651-9759d3c0b48c,Niedersachsen,,
D,OHV,Oberhavel,Oberhavel,OberHaVel,83876b48-e588-4d24-a55d-e57bd0a23fe6,Brandenburg,,
D,OHZ,Osterholz,Osterholz,OsterHolZ,92bf005e-2b97-4d41-a651-9759d3c0b48c,Niedersachsen,,
D,OK,Börde,Ohrekreis,OhreKreis,e4d7462d-d6fd-48a6-9337-bf0bcb883966,Sachsen-Anhalt,,
D,OL,Oldenburg,Oldenburg,OLdenburg,92bf005e-2b97-4d41-a651-9759d3c0b48c,Niedersachsen,1,
D,OP,Stadt Leverkusen,Opladen,OPladen,8084bb44-94a4-423f-be8e-a4ad8d229bb1,Nordrhein-Westfalen,,
D,OPR,Ostprignitz-Ruppin,"Ostprignitz, Ruppin","OstPrignitz, Ruppin",83876b48-e588-4d24-a55d-e57bd0a23fe6,Brandenburg,,
D,OS,Osnabrück,Osnabrück,OSnabrück,92bf005e-2b97-4d41-a651-9759d3c0b48c,Niedersachsen,1,
D,OSL,Oberspreewald-Lausitz,"Oberspreewald, Lausitz","OberSpreewald, Lausitz",83876b48-e588-4d24-a55d-e57bd0a23fe6,Brandenburg,,
D,OTW,Neunkirchen,Ottweiler,OTtWeiler,22908860-32b2-4b70-888f-2ccb732bfc59,Saarland,,
D,OVI,Schwandorf,Oberviechtach,OberVIechtach,db570744-2875-4814-8782-05fb28e451ec,Bayern,,
D,OVL,Vogtlandkreis,Obervogtland,OberVogtLand,07d97651-8268-461e-a43c-bd494d3d6c8f,Sachsen,,
D,OVP,Vorpommern-Greifswald,Ostvorpommern,OstVorPommern,8e0cd2ee-f394-46be-9cb5-1f1df6941f7b,Mecklenburg-Vorpommern,,
D,OZ,Nordsachsen,Oschatz,OschatZ,07d97651-8268-461e-a43c-bd494d3d6c8f,Sachsen,,
D,P,Stadt Potsdam,Potsdam,Potsdam,83876b48-e588-4d24-a55d-e57bd0a23fe6,Brandenburg,,"auslaufend Kreis, Abwicklung: Zulassungsbehörde Kreis Potsdam-Mittelmark"
D,PA,Passau,Passau,PAssau,db570744-2875-4814-8782-05fb28e451ec,Bayern,1,
D,PAF,Pfaffenhofen a. d. Ilm,Pfaffenhofen,PfAFfenhofen,db570744-2875-4814-8782-05fb28e451ec,Bayern,,
D,PAN,Rottal-Inn,Pfarrkirchen,PfArrkircheN,db570744-2875-4814-8782-05fb28e451ec,Bayern,,
D,PAR,"Kehlheim, Neumarkt i. d. Oberpfalz",Parsberg,PARsberg,db570744-2875-4814-8782-05fb28e451ec,Bayern,"3,3",
D,PB,Paderborn,Paderborn,PaderBorn,8084bb44-94a4-423f-be8e-a4ad8d229bb1,Nordrhein-Westfalen,,
D,PCH,Ludwigslust-Parchim,Parchim,ParCHim,8e0cd2ee-f394-46be-9cb5-1f1df6941f7b,Mecklenburg-Vorpommern,,
D,PE,Peine,Peine,PEine,92bf005e-2b97-4d41-a651-9759d3c0b48c,Niedersachsen,,
D,PEG,"Bayreuth, Forchheim, Nürnberger Land",Pegnitz,PEGnitz,db570744-2875-4814-8782-05fb28e451ec,Bayern,"3,3,3",
D,PF,"Pforzheim, Stadt, Enzkreis",Pforzheim,PForzheim,3afe663f-8f23-4325-9ac6-1152875a8528,Baden-Württemberg,"3,3",
D,PI,Pinneberg,Pinneberg,PInneberg,8559927d-c36a-4a30-acb9-9c2bee46dc2f,Schleswig-Holstein,,
D,PIR,Sächsische Schweiz-Osterzgebirge,Pirna,PIRna,07d97651-8268-461e-a43c-bd494d3d6c8f,Sachsen,,
D,PL,Vogtlandkreis,Plauen,PLauen,07d97651-8268-461e-a43c-bd494d3d6c8f,Sachsen,,
D,PLÖ,Plön,Plön,PLÖn,8559927d-c36a-4a30-acb9-9c2bee46dc2f,Schleswig-Holstein,,
D,PM,Potsdam-Mittelmark,"Potsdam, Mittelmark","Potsdam, Mittelmark",83876b48-e588-4d24-a55d-e57bd0a23fe6,Brandenburg,,
D,PN,Saale-Orla-Kreis,Pößneck,PößNeck,fda8e1a5-2ede-465b-a88a-f6a995ff692e,Thüringen,,
D,PR,Prignitz,Prignitz,PRignitz,83876b48-e588-4d24-a55d-e57bd0a23fe6,Brandenburg,,
D,PRÜ,Eifelkreis Bitburg-Prüm,Prüm,PRÜm,144b42c4-7d68-487f-9292-0c6009d8b9ce,Rheinland-Pfalz,,
D,PS,"Stadt Pirmasens, Südwestpfalz",Pirmasens,PirmaSens,144b42c4-7d68-487f-9292-0c6009d8b9ce,Rheinland-Pfalz,"3,3",
D,PW,Vorpommern-Greifswald,Pasewalk,PaseWalk,8e0cd2ee-f394-46be-9cb5-1f1df6941f7b,Mecklenburg-Vorpommern,,
D,PZ,Uckermark,Prenzlau,PrenZlau,83876b48-e588-4d24-a55d-e57bd0a23fe6,Brandenburg,,
D,QFT,Saalekreis,Querfurt,QuerFurT,e4d7462d-d6fd-48a6-9337-bf0bcb883966,Sachsen-Anhalt,,
D,QLB,Harz,Quedlinburg,QuedLinBurg,e4d7462d-d6fd-48a6-9337-bf0bcb883966,Sachsen-Anhalt,,
D,R,Regensburg,Regensburg,Regensburg,db570744-2875-4814-8782-05fb28e451ec,Bayern,1,
D,RA,Rastat,Rastatt,RAstatt,3afe663f-8f23-4325-9ac6-1152875a8528,Baden-Württemberg,,
D,RC,Vogtlandkreis,Reichenbach,ReiChenbach,07d97651-8268-461e-a43c-bd494d3d6c8f,Sachsen,,
D,RD,Rendsburg-Eckernförde,Rendsburg,RenDsburg,8559927d-c36a-4a30-acb9-9c2bee46dc2f,Schleswig-Holstein,,
D,RDG,Vorpommern-Rügen,Ribnitz-Damgarten,Ribnitz-DamGarten,8e0cd2ee-f394-46be-9cb5-1f1df6941f7b,Mecklenburg-Vorpommern,,
D,RE,Recklinghausen,Recklinghausen,REcklinghausen,8084bb44-94a4-423f-be8e-a4ad8d229bb1,Nordrhein-Westfalen,,
D,REG,Regen,Regen,REGen,db570744-2875-4814-8782-05fb28e451ec,Bayern,,
D,REH,"Hof, Wunsiedel im Fichtelgebirge",Rehau,REHau,db570744-2875-4814-8782-05fb28e451ec,Bayern,"3,3",
D,REI,Berchtesgadener Land,Reichenhall,REIchenhall,db570744-2875-4814-8782-05fb28e451ec,Bayern,,
D,RG,Meißen,"Riesa, Großenhain","Riesa, Großenhain",07d97651-8268-461e-a43c-bd494d3d6c8f,Sachsen,,
D,RH,Roth,Roth,RotH,db570744-2875-4814-8782-05fb28e451ec,Bayern,,
D,RI,Schaumburg,Rinteln,RInteln,92bf005e-2b97-4d41-a651-9759d3c0b48c,Niedersachsen,,
D,RID,Kelheim,Riedenburg,RIeDenburg,db570744-2875-4814-8782-05fb28e451ec,Bayern,,
D,RIE,Meißen,Riesa,RIEsa,07d97651-8268-461e-a43c-bd494d3d6c8f,Sachsen,,
D,RL,Mittelsachsen,Rochlitz,RochLitz,07d97651-8268-461e-a43c-bd494d3d6c8f,Sachsen,,
D,RM,Mecklenburgische Seenplatte,Röbel/müritz,Röbel/Müritz,8e0cd2ee-f394-46be-9cb5-1f1df6941f7b,Mecklenburg-Vorpommern,,
D,RN,Havelland,Rathenow,RatheNow,83876b48-e588-4d24-a55d-e57bd0a23fe6,Brandenburg,,
D,RO,Rosenheim,Rosenheim,ROsenheim,db570744-2875-4814-8782-05fb28e451ec,Bayern,1,
D,ROD,"Cham, Schwandorf",Roding,RODing,db570744-2875-4814-8782-05fb28e451ec,Bayern,"3,3",
D,ROF,Hersfeld-Rotenburg,Rotenburg an der Fulda,ROtenburg an der Fulda,632d4fda-80d9-40ea-a608-fd0284c10945,Hessen,,
D,ROK,Donnersbergkreis,Rockenhausen,ROcKenhausen,144b42c4-7d68-487f-9292-0c6009d8b9ce,Rheinland-Pfalz,,
D,ROL,"Kelheim, Landshut",Rottenburg an der Laaber,ROttenburg an der Laaber,db570744-2875-4814-8782-05fb28e451ec,Bayern,"3,3",
D,ROS,Landkreis Rostock,Rostock,ROStock,8e0cd2ee-f394-46be-9cb5-1f1df6941f7b,Mecklenburg-Vorpommern,,
D,ROT,Ansbach,Rothenburg ob der Tauber,ROthenburg ob der Tauber,db570744-2875-4814-8782-05fb28e451ec,Bayern,,
D,ROW,Rotenburg (Wümme),Rotenburg (wümme),ROtenburg (Wümme),92bf005e-2b97-4d41-a651-9759d3c0b48c,Niedersachsen,,
D,RP,Rhein-Pfalz-Kreis,Rhein-Pfalz,Rhein-Pfalz,144b42c4-7d68-487f-9292-0c6009d8b9ce,Rheinland-Pfalz,,
D,RS,Stadt Remscheid,Remscheid,RemScheid,8084bb44-94a4-423f-be8e-a4ad8d229bb1,Nordrhein-Westfalen,,
D,RSL,Stadt Dessau-Roßlau,Rosslau,RosSLau,e4d7462d-d6fd-48a6-9337-bf0bcb883966,Sachsen-Anhalt,,
D,RT,Reutlingen,Reutlingen,ReuTlingen,3afe663f-8f23-4325-9ac6-1152875a8528,Baden-Württemberg,,
D,RU,Saalfeld-Rudolstadt,Rudolstadt,RUdolstadt,fda8e1a5-2ede-465b-a88a-f6a995ff692e,Thüringen,,
D,RV,Ravensburg,Ravensburg,RaVensburg,3afe663f-8f23-4325-9ac6-1152875a8528,Baden-Württemberg,,
D,RW,Rottweil,Rottweil,RottWeil,3afe663f-8f23-4325-9ac6-1152875a8528,Baden-Württemberg,,
D,RZ,Herzogtum Lauenburg,Ratzeburg,RatZeburg,8559927d-c36a-4a30-acb9-9c2bee46dc2f,Schleswig-Holstein,,
D,RÜD,Rheingau-Taunus Kreis,Rüdesheim,RÜDesheim,632d4fda-80d9-40ea-a608-fd0284c10945,Hessen,,
D,RÜG,Vorpommern-Rügen,Rügen,RÜGen,8e0cd2ee-f394-46be-9cb5-1f1df6941f7b,Mecklenburg-Vorpommern,,
D,S,Stadt Stuttgart,Stuttgart,Stuttgart,3afe663f-8f23-4325-9ac6-1152875a8528,Baden-Württemberg,,
D,SAB,Trier-Saarburg,Saarburg,SAarBurg,144b42c4-7d68-487f-9292-0c6009d8b9ce,Rheinland-Pfalz,,
D,SAD,Schwandorf,Schwandorf,SchwAnDorf,db570744-2875-4814-8782-05fb28e451ec,Bayern,,
D,SAN,"Hof, Kronach, Kulmbach",Stadtsteinach,StAdtsteiNach,db570744-2875-4814-8782-05fb28e451ec,Bayern,"3,3,3",
D,SAW,Altmarkkreis Salzwedel,Salzwedel,SAlzWedel,e4d7462d-d6fd-48a6-9337-bf0bcb883966,Sachsen-Anhalt,,
D,SB,Stadt Saarbrücken und Stadtverband außer Stadt Völklingen (VK),Saarbrücken,SaarBrücken,22908860-32b2-4b70-888f-2ccb732bfc59,Saarland,,
D,SBG,Vorpommern-Greifswald,Strasburg,StrasBurG,8e0cd2ee-f394-46be-9cb5-1f1df6941f7b,Mecklenburg-Vorpommern,,
D,SBK,Salzlandkreis,Schönebeck,SchöneBecK,e4d7462d-d6fd-48a6-9337-bf0bcb883966,Sachsen-Anhalt,,
D,SC,Stadt Schwabach,Schwabach,SChwabach,db570744-2875-4814-8782-05fb28e451ec,Bayern,,"auslaufend Kreis, Abwicklung: Zulassungsbehörde Roth"
D,SCZ,Saale-Orla-Kreis,Schleiz,SChleiZ,fda8e1a5-2ede-465b-a88a-f6a995ff692e,Thüringen,,
D,SDH,Kyffhäuserkreis,Sondershausen,SonDersHausen,fda8e1a5-2ede-465b-a88a-f6a995ff692e,Thüringen,,
D,SDL,Stendal,Stendal,StenDaL,e4d7462d-d6fd-48a6-9337-bf0bcb883966,Sachsen-Anhalt,,
D,SDT,Uckermark,Schwedt,SchweDT,83876b48-e588-4d24-a55d-e57bd0a23fe6,Brandenburg,,
D,SE,Segeberg,Segeberg,SEgeberg,8559927d-c36a-4a30-acb9-9c2bee46dc2f,Schleswig-Holstein,,
D,SEB,Sächsische Schweiz-Osterzgebirge,Sebnitz,SEBnitz,07d97651-8268-461e-a43c-bd494d3d6c8f,Sachsen,,
D,SEE,Märkisch-Oderland,Seelow,SEElow,83876b48-e588-4d24-a55d-e57bd0a23fe6,Brandenburg,,
D,SEF,Neustadt a. d. Aisch-Bad Windsheim,Scheinfeld,SchEinFeld,db570744-2875-4814-8782-05fb28e451ec,Bayern,,
D,SEL,Wunsiedel i. Fichtelgebirge,Selb,SELb,db570744-2875-4814-8782-05fb28e451ec,Bayern,,
D,SFB,Oberspreewald-Lausitz,Senftenberg,SenFtenBerg,83876b48-e588-4d24-a55d-e57bd0a23fe6,Brandenburg,,
D,SFT,Salzlandkreis,Staßfurt,StaßFurT,e4d7462d-d6fd-48a6-9337-bf0bcb883966,Sachsen-Anhalt,,
D,SG,Stadt Solingen,Solingen,SolinGen,8084bb44-94a4-423f-be8e-a4ad8d229bb1,Nordrhein-Westfalen,,
D,SGH,Mansfeld-Südharz,Sangerhausen,SanGerHausen,e4d7462d-d6fd-48a6-9337-bf0bcb883966,Sachsen-Anhalt,,
D,SHA,Schwäbisch Hall,Schwäbisch Hall,Schwäbisch HAll,3afe663f-8f23-4325-9ac6-1152875a8528,Baden-Württemberg,,
D,SHG,Schaumburg,Stadthagen,StadtHaGen,92bf005e-2b97-4d41-a651-9759d3c0b48c,Niedersachsen,,
D,SHK,Saale-Holzland-Kreis,Saale-Holzland-Kreis,Saale-Holzland-Kreis,fda8e1a5-2ede-465b-a88a-f6a995ff692e,Thüringen,,
D,SHL,Stadt Suhl,Suhl,SuHL,fda8e1a5-2ede-465b-a88a-f6a995ff692e,Thüringen,,"auslaufend Kreis, Abwicklung: Zulassungsbehörde Hildburghausen"
D,SI,Siegen-Wittgenstein,Siegen,SIegen,8084bb44-94a4-423f-be8e-a4ad8d229bb1,Nordrhein-Westfalen,,
D,SIG,Sigmaringen,Sigmaringen,SIGmaringen,3afe663f-8f23-4325-9ac6-1152875a8528,Baden-Württemberg,,
D,SIM,Rhein-Hunsrück-Kreis,Simmern,SIMmern,144b42c4-7d68-487f-9292-0c6009d8b9ce,Rheinland-Pfalz,,
D,SK,Saalekreis,Saalekreis,SaaleKreis,e4d7462d-d6fd-48a6-9337-bf0bcb883966,Sachsen-Anhalt,,
D,SL,Schleswig-Flensburg,Schleswig,SchLeswig,8559927d-c36a-4a30-acb9-9c2bee46dc2f,Schleswig-Holstein,,
D,SLE,"Düren, Euskirchen",Schleiden,SchLEiden,8084bb44-94a4-423f-be8e-a4ad8d229bb1,Nordrhein-Westfalen,"3,3",
D,SLF,Saalfeld-Rudolstadt,Saalfeld,SaaLFeld,fda8e1a5-2ede-465b-a88a-f6a995ff692e,Thüringen,,
D,SLG,"Ravensburg, Sigmaringen",Saulgau,SauLGau,3afe663f-8f23-4325-9ac6-1152875a8528,Baden-Württemberg,"3,3",
D,SLK,Salzlandkreis,Salzlandkreis,SalzLandKreis,e4d7462d-d6fd-48a6-9337-bf0bcb883966,Sachsen-Anhalt,,
D,SLN,Altenburger Land,Schmölln,SchmölLN,fda8e1a5-2ede-465b-a88a-f6a995ff692e,Thüringen,,
D,SLS,Saarlouis,Saarlouis,SaarLouiS,22908860-32b2-4b70-888f-2ccb732bfc59,Saarland,,
D,SLZ,Wartburgkreis,Salzungen,SaLZungen,fda8e1a5-2ede-465b-a88a-f6a995ff692e,Thüringen,,
D,SLÜ,Main-Kinzig-Kreis,Schlüchtern,SchLÜchtern,632d4fda-80d9-40ea-a608-fd0284c10945,Hessen,,
D,SM,Schmalkalden-Meiningen,Schmalkalden,SchMalkalden,fda8e1a5-2ede-465b-a88a-f6a995ff692e,Thüringen,,
D,SMÜ,Augsburg,Schwabmünchen,SchwabMÜnchen,db570744-2875-4814-8782-05fb28e451ec,Bayern,,
D,SN,Stadt Schwerin,Schwerin,SchweriN,8e0cd2ee-f394-46be-9cb5-1f1df6941f7b,Mecklenburg-Vorpommern,1,"auslaufend Kreis, Abwicklung: Zulassungsbehörde Ludwiglust-Parchim"
D,SO,Soest,Soest,SOest,8084bb44-94a4-423f-be8e-a4ad8d229bb1,Nordrhein-Westfalen,,
D,SOB,Neuburg-Schrobenhausen,Schrobenhausen,SchrOBenhausen,db570744-2875-4814-8782-05fb28e451ec,Bayern,,
D,SOG,Weilheim-Schongau,Schongau,SchOnGau,db570744-2875-4814-8782-05fb28e451ec,Bayern,,
D,SOK,Saale-Orla-Kreis,Saale-Orla-Kreis,Saale-Orla-Kreis,fda8e1a5-2ede-465b-a88a-f6a995ff692e,Thüringen,,
D,SON,Sonneberg,Sonneberg,SONneberg,fda8e1a5-2ede-465b-a88a-f6a995ff692e,Thüringen,,
D,SP,Stadt Speyer,Speyer,SPeyer,144b42c4-7d68-487f-9292-0c6009d8b9ce,Rheinland-Pfalz,,"auslaufend Kreis, Abwicklung: Zulassungsbehörde Rhein-Pfalz-Kreis"
D,SPB,Spree-Neiße,Spremberg,SPremBerg,83876b48-e588-4d24-a55d-e57bd0a23fe6,Brandenburg,,
D,SPN,Spree-Neiße,"Spree, Neiße","SPree, Neiße",83876b48-e588-4d24-a55d-e57bd0a23fe6,Brandenburg,,
D,SR,"Straubing, Straubing-Bogen",Straubing,StRaubing,db570744-2875-4814-8782-05fb28e451ec,Bayern,"1,1",
D,SRB,Märkisch-Oderland,Strausberg,StRausBerg,83876b48-e588-4d24-a55d-e57bd0a23fe6,Brandenburg,,
D,SRO,Saale-Holzland-Kreis,Stadtroda,StadtROda,fda8e1a5-2ede-465b-a88a-f6a995ff692e,Thüringen,,
D,ST,Steinfurt,Steinfurt,STeinfurt,8084bb44-94a4-423f-be8e-a4ad8d229bb1,Nordrhein-Westfalen,,
D,STA,Starnberg,Starnberg,STArnberg,db570744-2875-4814-8782-05fb28e451ec,Bayern,,
D,STB,Ludwigslust-Parchim,Sternberg,STernBerg,8e0cd2ee-f394-46be-9cb5-1f1df6941f7b,Mecklenburg-Vorpommern,,
D,STD,Stade,Stade,STaDe,92bf005e-2b97-4d41-a651-9759d3c0b48c,Niedersachsen,,
D,STE,Lichtenfels,Staffelstein,STaffelstEin,db570744-2875-4814-8782-05fb28e451ec,Bayern,,
D,STL,Erzgebirgskreis,Stollberg,STolLberg,07d97651-8268-461e-a43c-bd494d3d6c8f,Sachsen,,
D,STO,"Konstanz, Sigmaringen",Stockach,STOckach,3afe663f-8f23-4325-9ac6-1152875a8528,Baden-Württemberg,"3,3",
D,SU,Rhein-Sieg-Kreis,Siegburg,SiegbUrg,8084bb44-94a4-423f-be8e-a4ad8d229bb1,Nordrhein-Westfalen,,
D,SUL,Amberg-Sulzbach,Sulzbach-Rosenberg,SULzbach-Rosenberg,db570744-2875-4814-8782-05fb28e451ec,Bayern,,
D,SW,Schweinfurt,Schweinfurt,SchWeinfurt,db570744-2875-4814-8782-05fb28e451ec,Bayern,1,
D,SWA,Rheingau-Taunus-Kreis,Schwalbach,SchWAlbach,632d4fda-80d9-40ea-a608-fd0284c10945,Hessen,,
D,SY,Diepholz,Syke,SYke,92bf005e-2b97-4d41-a651-9759d3c0b48c,Niedersachsen,,
D,SZ,Stadt Salzgitter,Salzgitter,SalZgitter,92bf005e-2b97-4d41-a651-9759d3c0b48c,Niedersachsen,,
D,SZB,Erzgebirgskreis,Schwarzenberg,SchwarZenBerg,07d97651-8268-461e-a43c-bd494d3d6c8f,Sachsen,,
D,SÄK,Waldshut,Säckingen,SÄcKingen,3afe663f-8f23-4325-9ac6-1152875a8528,Baden-Württemberg,,
D,SÖM,Sömmerda,Sömmerda,SÖMmerda,fda8e1a5-2ede-465b-a88a-f6a995ff692e,Thüringen,,
D,SÜW,Südliche Weinstraße,Südliche Weinstraße,SÜdliche Weinstraße,144b42c4-7d68-487f-9292-0c6009d8b9ce,Rheinland-Pfalz,,
D,TBB,Main-Tauber-Kreis,Tauberbischofsheim,TauBerBischofsheim,3afe663f-8f23-4325-9ac6-1152875a8528,Baden-Württemberg,,
D,TDO,Nordsachsen,"Torgau, Delitzsch, Oschatz","Torgau, Delitzsch, Oschatz",07d97651-8268-461e-a43c-bd494d3d6c8f,Sachsen,,
D,TE,Steinfurt,Tecklenburg,TEcklenburg,8084bb44-94a4-423f-be8e-a4ad8d229bb1,Nordrhein-Westfalen,,
D,TET,Landkreis Rostock,Teterow,TETerow,8e0cd2ee-f394-46be-9cb5-1f1df6941f7b,Mecklenburg-Vorpommern,,
D,TF,Teltow-Fläming,"Teltow, Fläming","Teltow, Fläming",83876b48-e588-4d24-a55d-e57bd0a23fe6,Brandenburg,,
D,TG,Nordsachsen,Torgau,TorGau,07d97651-8268-461e-a43c-bd494d3d6c8f,Sachsen,,
D,TIR,Tirschenreuth,Tirschenreuth,TIRschenreuth,db570744-2875-4814-8782-05fb28e451ec,Bayern,,
D,TO,Nordsachsen,"Torgau, Oschatz","Torgau, Oschatz",07d97651-8268-461e-a43c-bd494d3d6c8f,Sachsen,,
D,TP,Uckermark,Templin,TemPlin,83876b48-e588-4d24-a55d-e57bd0a23fe6,Brandenburg,,
D,TR,Stadt Trier und Trier-Saarburg,Trier,TRier,144b42c4-7d68-487f-9292-0c6009d8b9ce,Rheinland-Pfalz,,
D,TS,Traunstein,Traunstein,TraunStein,db570744-2875-4814-8782-05fb28e451ec,Bayern,,
D,TT,Bodenseekreis,Tettnang,TeTtnang,3afe663f-8f23-4325-9ac6-1152875a8528,Baden-Württemberg,,
D,TUT,Tuttlingen,Tuttlingen,TUTtlingen,3afe663f-8f23-4325-9ac6-1152875a8528,Baden-Württemberg,,
D,TÖL,Bad Tölz-Wolfratshausen,Tölz,TÖLz,db570744-2875-4814-8782-05fb28e451ec,Bayern,,
D,TÜ,Tübingen,Tübingen,TÜbingen,3afe663f-8f23-4325-9ac6-1152875a8528,Baden-Württemberg,,
D,UE,Uelzen,Uelzen,UElzen,92bf005e-2b97-4d41-a651-9759d3c0b48c,Niedersachsen,,
D,UEM,Vorpommern-Greifswald,Ueckermünde,UEckerMünde,8e0cd2ee-f394-46be-9cb5-1f1df6941f7b,Mecklenburg-Vorpommern,,
D,UER,Vorpommern-Greifswald,Uecker-Randow,UEcker-Randow,8e0cd2ee-f394-46be-9cb5-1f1df6941f7b,Mecklenburg-Vorpommern,,
D,UFF,Neustadt a. d. Aisch-Bad Windsheim,Uffenheim,UFFenheim,db570744-2875-4814-8782-05fb28e451ec,Bayern,,
D,UH,Unstrut-Hainich-Kreis,"Unstrut, Hainich","Unstrut, Hainich",fda8e1a5-2ede-465b-a88a-f6a995ff692e,Thüringen,,
D,UL,"Ulm, Stadt, Alb-Donaukreis",Ulm,ULm,3afe663f-8f23-4325-9ac6-1152875a8528,Baden-Württemberg,"3,3",
D,UM,Uckermark,Uckermark,UckerMark,83876b48-e588-4d24-a55d-e57bd0a23fe6,Brandenburg,,
D,UN,Unna,Unna,UNna,8084bb44-94a4-423f-be8e-a4ad8d229bb1,Nordrhein-Westfalen,,
D,USI,Hochtaunuskreis,Usingen,USIngen,632d4fda-80d9-40ea-a608-fd0284c10945,Hessen,,
D,V,Vogtlandkreis,Vogtland,Vogtland,07d97651-8268-461e-a43c-bd494d3d6c8f,Sachsen,,
D,VAI,Ludwigsburg,Vaihingen,VAIhingen,3afe663f-8f23-4325-9ac6-1152875a8528,Baden-Württemberg,,
D,VB,Vogelsbergkreis,Vogelsberg,VogelsBerg,632d4fda-80d9-40ea-a608-fd0284c10945,Hessen,,
D,VEC,Vechta,Vechta,VEChta,92bf005e-2b97-4d41-a651-9759d3c0b48c,Niedersachsen,,
D,VER,Verden,Verden,VERden,92bf005e-2b97-4d41-a651-9759d3c0b48c,Niedersachsen,,
D,VG,Vorpommern-Greifswald,"Vorpommern, Greifswald","Vorpommern, Greifswald",8e0cd2ee-f394-46be-9cb5-1f1df6941f7b,Mecklenburg-Vorpommern,,
D,VIB,"Landshut, Rottal-Inn",Vilsbiburg,VIlsBiburg,db570744-2875-4814-8782-05fb28e451ec,Bayern,"3,3",
D,VIE,Viersen,Viersen,VIErsen,8084bb44-94a4-423f-be8e-a4ad8d229bb1,Nordrhein-Westfalen,,
D,VIT,Regen,Viechtach,VIechTach,db570744-2875-4814-8782-05fb28e451ec,Bayern,,
D,VK,Stadt Völklingen,Völklingen,VölKlingen,22908860-32b2-4b70-888f-2ccb732bfc59,Saarland,,
D,VOH,Neustadt a. d. Waldnaab,Vohenstrauß,VOHenstrauß,db570744-2875-4814-8782-05fb28e451ec,Bayern,,
D,VR,Vorpommern-Rügen,"Vorpommern, Rügen","Vorpommern, Rügen",8e0cd2ee-f394-46be-9cb5-1f1df6941f7b,Mecklenburg-Vorpommern,,
D,VS,Schwarzwald-Baar-Kreis,Villingen-Schwenningen,Villingen-Schwenningen,3afe663f-8f23-4325-9ac6-1152875a8528,Baden-Württemberg,,
D,W,Stadt Wuppertal,Wuppertal,Wuppertal,8084bb44-94a4-423f-be8e-a4ad8d229bb1,Nordrhein-Westfalen,,
D,WA,Waldeck-Frankenberg,Waldeck,WAldeck,632d4fda-80d9-40ea-a608-fd0284c10945,Hessen,,
D,WAF,Warendorf,Warendorf,WArendorF,8084bb44-94a4-423f-be8e-a4ad8d229bb1,Nordrhein-Westfalen,,
D,WAK,Wartburgkreis,Wartburgkreis,WArtburgKreis,fda8e1a5-2ede-465b-a88a-f6a995ff692e,Thüringen,,
D,WAN,Stadt Herne,Wanne,WANne,8084bb44-94a4-423f-be8e-a4ad8d229bb1,Nordrhein-Westfalen,,
D,WAR,Höxter,Warburg,WARburg,8084bb44-94a4-423f-be8e-a4ad8d229bb1,Nordrhein-Westfalen,,
D,WAT,Stadt Bochum,Wattenscheid,WATtenscheid,8084bb44-94a4-423f-be8e-a4ad8d229bb1,Nordrhein-Westfalen,,
D,WB,Wittenberg,Wittenberg,WittenBerg,e4d7462d-d6fd-48a6-9337-bf0bcb883966,Sachsen-Anhalt,,
D,WBG,Stadt Wolfsburg,Worbis,WorBiS,92bf005e-2b97-4d41-a651-9759d3c0b48c,Niedersachsen,,
D,WBS,Eichsfeld,Werdau,WerDAu,fda8e1a5-2ede-465b-a88a-f6a995ff692e,Thüringen,,
D,WDA,Zwickau,Weimar,WEimar,07d97651-8268-461e-a43c-bd494d3d6c8f,Sachsen,,
D,WE,Stadt Weimar,Weilburg,WEiLburg,fda8e1a5-2ede-465b-a88a-f6a995ff692e,Thüringen,,"auslaufend Kreis, Abwicklung: Zulassungsbehörde Weimarer Land"
D,WEL,Limburg-Weilburg,Weiden,WEideN,632d4fda-80d9-40ea-a608-fd0284c10945,Hessen,,
D,WEN,Stadt Weiden in der Oberpfalz,Wertingen,WERtingen,db570744-2875-4814-8782-05fb28e451ec,Bayern,,
D,WER,"Augsburg, Dillingen a. d. Donau",Wertingen,WERtingen,db570744-2875-4814-8782-05fb28e451ec,Bayern,"3,3",
D,WES,Wesel,Wesel,WESel,8084bb44-94a4-423f-be8e-a4ad8d229bb1,Nordrhein-Westfalen,,
D,WF,Wolfenbüttel,Wolfenbüttel,WolFenbüttel,92bf005e-2b97-4d41-a651-9759d3c0b48c,Niedersachsen,,
D,WG,Ravensburg,Wangen,WanGen,3afe663f-8f23-4325-9ac6-1152875a8528,Baden-Württemberg,,
D,WHV,Stadt Wilhelmshaven,Wilhelmshaven,WilhelmsHaVen,92bf005e-2b97-4d41-a651-9759d3c0b48c,Niedersachsen,,
D,WI,Stadt Wiesbaden,Wiesbaden,WIesbaden,632d4fda-80d9-40ea-a608-fd0284c10945,Hessen,,
D,WIL,Bernkastel-Wittlich,Wittlich,WIttLich,144b42c4-7d68-487f-9292-0c6009d8b9ce,Rheinland-Pfalz,,
D,WIS,Nordwestmecklenburg,Wismar,WISmar,8e0cd2ee-f394-46be-9cb5-1f1df6941f7b,Mecklenburg-Vorpommern,,
D,WIT,Ennepe-Ruhr-Kreis,Witten,WITten,8084bb44-94a4-423f-be8e-a4ad8d229bb1,Nordrhein-Westfalen,,
D,WIZ,Werra-Meißner-Kreis,Witzenhausen,WItZenhausen,632d4fda-80d9-40ea-a608-fd0284c10945,Hessen,,
D,WK,Ostprignitz-Ruppin,Wittstock,WittstocK,83876b48-e588-4d24-a55d-e57bd0a23fe6,Brandenburg,,
D,WL,Harburg,Winsen (luhe),Winsen (Luhe),92bf005e-2b97-4d41-a651-9759d3c0b48c,Niedersachsen,,
D,WLG,Vorpommern-Greifswald,Wolgast,WoLGast,8e0cd2ee-f394-46be-9cb5-1f1df6941f7b,Mecklenburg-Vorpommern,,
D,WM,Weilheim-Schongau,Weilheim,WeilheiM,db570744-2875-4814-8782-05fb28e451ec,Bayern,,
D,WMS,Börde,Wolmirstedt,WolMirStedt,e4d7462d-d6fd-48a6-9337-bf0bcb883966,Sachsen-Anhalt,,
D,WN,Rems-Murr-Kreis,Waiblingen,WaiblingeN,3afe663f-8f23-4325-9ac6-1152875a8528,Baden-Württemberg,,
D,WND,St. Wendel,Wendel,WeNDel,22908860-32b2-4b70-888f-2ccb732bfc59,Saarland,,
D,WO,Stadt Worms,Worms,WOrms,144b42c4-7d68-487f-9292-0c6009d8b9ce,Rheinland-Pfalz,,
D,WOB,Stadt Wolfsburg,Wolfsburg,WOlfsBurg,92bf005e-2b97-4d41-a651-9759d3c0b48c,Niedersachsen,,
D,WOH,Kassel,Wolfhagen,WOlfHagen,632d4fda-80d9-40ea-a608-fd0284c10945,Hessen,,
D,WOL,"Freudenstadt, Ortenaukreis",Wolfach,WOLfach,3afe663f-8f23-4325-9ac6-1152875a8528,Baden-Württemberg,"3,3",
D,WOR,"Bad Tölz-Wolfratshausen, München, Starnberg",Wolfratshausen,WOlfRatshausen,db570744-2875-4814-8782-05fb28e451ec,Bayern,"3,3",
D,WOS,Freyung-Grafenau,Wolfstein,WOlfStein,db570744-2875-4814-8782-05fb28e451ec,Bayern,,
D,WR,Harz,Wernigerode,WernigeRode,e4d7462d-d6fd-48a6-9337-bf0bcb883966,Sachsen-Anhalt,,
D,WRN,Mecklenburgische Seenplatte,Waren,WaReN,8e0cd2ee-f394-46be-9cb5-1f1df6941f7b,Mecklenburg-Vorpommern,,
D,WS,"Mühldorf am Inn, Rosenheim",Wasserburg,WasSerburg,db570744-2875-4814-8782-05fb28e451ec,Bayern,"3,3",
D,WSF,Burgenlandkreis,Weissenfels,WeisSenFels,e4d7462d-d6fd-48a6-9337-bf0bcb883966,Sachsen-Anhalt,,
D,WST,Ammerland,Westerstede,WesterSTede,92bf005e-2b97-4d41-a651-9759d3c0b48c,Niedersachsen,,
D,WSW,Görlitz,Weisswasser,WeisSWasser,07d97651-8268-461e-a43c-bd494d3d6c8f,Sachsen,,
D,WT,Waldshut,Waldshut,WaldshuT,3afe663f-8f23-4325-9ac6-1152875a8528,Baden-Württemberg,,
D,WTL,Osnabrück,Wittlage,WitTLage,92bf005e-2b97-4d41-a651-9759d3c0b48c,Niedersachsen,,
D,WTM,Wittmund,Wittmund,WitTMund,92bf005e-2b97-4d41-a651-9759d3c0b48c,Niedersachsen,,
D,WUG,Weißenburg-Gunzenhausen,Weißenburg,WeißenbUrG,db570744-2875-4814-8782-05fb28e451ec,Bayern,,
D,WUN,Wunsiedel im Fichtelgebirge,Wunsiedel,WUNsiedel,db570744-2875-4814-8782-05fb28e451ec,Bayern,,
D,WUR,Leipzig,Wurzen,WURzen,07d97651-8268-461e-a43c-bd494d3d6c8f,Sachsen,,
D,WW,Westerwald,Westerwald,WesterWald,144b42c4-7d68-487f-9292-0c6009d8b9ce,Rheinland-Pfalz,,
D,WZ,Lahn-Dill-Kreis,Wetzlar,WetZlar,632d4fda-80d9-40ea-a608-fd0284c10945,Hessen,,
D,WZL,Börde,Wanzleben,WanZLeben,e4d7462d-d6fd-48a6-9337-bf0bcb883966,Sachsen-Anhalt,,
D,WÜ,Würzburg,Würzburg,WÜrzburg,db570744-2875-4814-8782-05fb28e451ec,Bayern,1,
D,WÜM,Cham,Waldmünchen (mit einem Buchstabendreher),WaldMÜnchen (mit einem Buchstabendreher),db570744-2875-4814-8782-05fb28e451ec,Bayern,,
D,Z,Zwickau,Zwickau,Zwickau,07d97651-8268-461e-a43c-bd494d3d6c8f,Sachsen,,
D,ZE,Anhalt-Bitterfeld,Zerbst,ZErbst,e4d7462d-d6fd-48a6-9337-bf0bcb883966,Sachsen-Anhalt,,
D,ZEL,Cochem-Zell,Zell,ZELl,144b42c4-7d68-487f-9292-0c6009d8b9ce,Rheinland-Pfalz,,
D,ZI,Görlitz,Zittau,ZIttau,07d97651-8268-461e-a43c-bd494d3d6c8f,Sachsen,,
D,ZIG,Schwalm-Eder-Kreis,Ziegenhain,ZIeGenhain,632d4fda-80d9-40ea-a608-fd0284c10945,Hessen,,
D,ZP,Erzgebirgskreis,Zschopau,ZschoPau,07d97651-8268-461e-a43c-bd494d3d6c8f,Sachsen,,
D,ZR,Greiz,Zeulenroda,ZeulenRoda,fda8e1a5-2ede-465b-a88a-f6a995ff692e,Thüringen,,
D,ZS,Teltow-Fläming,Zossen,ZoSsen,83876b48-e588-4d24-a55d-e57bd0a23fe6,Brandenburg,,
D,ZW,"Stadt Südwestpfalz, Zweibrücken",Zweibrücken,ZWeibrücken,144b42c4-7d68-487f-9292-0c6009d8b9ce,Rheinland-Pfalz,"3,3",
D,ZZ,Burgenlandkreis,Zeitz,ZeitZ,e4d7462d-d6fd-48a6-9337-bf0bcb883966,Sachsen-Anhalt,,
D,ÖHR,Hohenlohekreis,Öhringen,ÖHRingen,3afe663f-8f23-4325-9ac6-1152875a8528,Baden-Württemberg,,
D,ÜB,"Ravensburg, Bodenseekreis, Sigmaringen",Überlingen,ÜBerlingen,3afe663f-8f23-4325-9ac6-1152875a8528,Baden-Württemberg,"3,3,3",
