Nationalitätszeichen,Unterscheidungszeichen,StadtOderKreis,Herleitung,HerleitungMarkiert,Bundesland.Name,Bundesland.Iso3166-2,Fußnoten,Bemerkung
D,A,Augsburg,Augsburg,Augsburg,Bayern,DE-BY,1,
D,AA,Ostalbkreis,Aalen,AAlen,Baden-Württemberg,DE-BW,,
D,AB,Aschaffenburg,Aschaffenburg,AschaffenBurg,Bayern,DE-BY,1,
D,ABG,Altenburger Land,Altenburg,AltenBurG,Thüringen,DE-TH,,
D,ABI,Anhalt-Bitterfeld,Anhalt-Bitterfeld,Anhalt-BItterfeld,Sachsen-Anhalt,DE-ST,,
D,AC,Aachen,Aachen,AaChen,Nordrhein-Westfalen,DE-NW,,
D,AE,Vogtlandkreis,Auerbach,AuErbach,Sachsen,DE-SN,,
D,AH,Borken,Ahaus,AHaus,Nordrhein-Westfalen,DE-NW,,
D,AIB,"München, Rosenheim",Aibling,AIBling,Bayern,DE-BY,3,
D,AIC,Aichach-Friedberg,Aichach,AIChach,Bayern,DE-BY,,
D,AK,Altenkirchen (Westerwald),Altenkirchen,AltenKirchen,Rheinland-Pfalz,DE-RP,,
D,ALF,Hildesheim,Alfeld,ALFeld,Niedersachsen,DE-NI,,
D,ALZ,Aschaffenburg,Alzenau,ALZenau,Bayern,DE-BY,,
D,AM,Stadt Amberg,Amberg,AMberg,Bayern,DE-BY,1,"auslaufend Kreis, Abwicklung: Zulassungsbehörde Kreis Amberg-Sulzbach"
D,AN,Ansbach,Ansbach,ANsbach,Bayern,DE-BY,1,
D,ANA,Erzgebirgskreis,Annaberg,ANnAberg,Sachsen,DE-SN,,
D,ANG,Uckermark,Angermünde,ANGermünde,Brandenburg,DE-BB,,
D,ANK,Vorpommern-Greifswald,Anklam,ANKlam,Mecklenburg-Vorpommern,DE-MV,,
D,AP,Weimarer Land,Apolda,APolda,Thüringen,DE-TH,,
D,APD,Weimarer Land,Apolda,APolDa,Thüringen,DE-TH,,
D,ARN,Ilm-Kreis,Arnstadt,ARNstadt,Thüringen,DE-TH,,
D,ART,Kyffhäuserkreis,Artern,ARTern,Thüringen,DE-TH,,
D,AS,Amberg-Sulzbach,"Amberg, Sulzbach","Amberg, Sulzbach",Bayern,DE-BY,,
D,ASL,Salzlandkreis,Aschersleben,ASchersLeben,Sachsen-Anhalt,DE-ST,,
D,ASZ,Erzgebirgskreis,"Aue, Schwarzenberg","Aue, SchwarZenberg",Sachsen,DE-SN,,
D,AT,Mecklenburgische Seenplatte,Altentreptow,AltenTreptow,Mecklenburg-Vorpommern,DE-MV,,
D,AU,Erzgebirgskreis,Aue,AUe,Sachsen,DE-SN,,
D,AUR,Aurich,Aurich,AURich,Niedersachsen,DE-NI,,
D,AW,Ahrweiler,Ahrweiler,AhrWeiler,Rheinland-Pfalz,DE-RP,,
D,AZ,Alzey-Worms,Alzey,AlZey,Rheinland-Pfalz,DE-RP,,
D,AZE,Anhalt-Bitterfeld,Landkreis Anhalt-Zerbst (bis 2007),Landkreis Anhalt-ZErbst (bis 2007),Sachsen-Anhalt,DE-ST,,
D,AÖ,Altötting,Altötting,AltÖtting,Bayern,DE-BY,,
D,B,Berlin,Berlin,Berlin,Berlin,DE-BE,,
D,BA,Bamberg,Bamberg,BAmberg,Bayern,DE-BY,1,
D,BAD,Stadt Baden-Baden,Baden-Baden,BADen-Baden,Baden-Württemberg,DE-BW,,
D,BAR,Barnim,Barnim,BARnim,Brandenburg,DE-BB,,
D,BB,Böblingen,Böblingen,BöBlingen,Baden-Württemberg,DE-BW,,
D,BBG,Salzlandkreis,Bernburg,BernBurG,Sachsen-Anhalt,DE-ST,,
D,BC,Biberach,Biberach,BiberaCh,Baden-Württemberg,DE-BW,,
D,BCH,Neckar-Odenwald-Kreis,Buchen,BuCHen,Baden-Württemberg,DE-BW,,
D,BE,Warendorf,Beckum,BEckum,Nordrhein-Westfalen,DE-NW,,
D,BED,Mittelsachsen,Brand-Erbisdorf,Brand-ErbisDorf,Sachsen,DE-SN,,
D,BER,Barnim,Bernau,BERnau,Brandenburg,DE-BB,,
D,BF,Steinfurt,Burgsteinfurt,BurgsteinFurt,Nordrhein-Westfalen,DE-NW,,
D,BGD,Berchtesgadener Land,Berchtesgaden,BerchtesGaDen,Bayern,DE-BY,,
D,BGL,Berchtesgadener Land,Berchtesgadener Land,BerchtesGadener Land,Bayern,DE-BY,,
D,BH,"Ortenaukreis, Raststatt",Bühl,BüHl,Baden-Württemberg,DE-BW,,
D,BI,Stadt Bielefeld,Bielefeld,BIelefeld,Nordrhein-Westfalen,DE-NW,,
D,BID,Marburg-Biedenkopf,Biedenkopf,BIeDenkopf,Hessen,DE-HE,,
D,BIN,Mainz-Bingen,Bingen,BINgen,Rheinland-Pfalz,DE-RP,,
D,BIR,Birkenfeld,Birkenfeld,BIRkenfeld,Rheinland-Pfalz,DE-RP,,
D,BIT,Eifelkreis Bitburg-Prüm,Bitburg,BITburg,Rheinland-Pfalz,DE-RP,,
D,BIW,Bautzen,Bischofswerda,BIschofsWerda,Sachsen,DE-SN,,
D,BK,"Börde, Rems-Murr-Kreis, Schwäbisch Hall",Backnang,BacKnang,Baden-Württemberg,DE-BW,"4,5,5",
D,BKS,Bernkastel-Wittlich,Bernkastel,BernKaStel,Rheinland-Pfalz,DE-RP,,
D,BL,Zollernalbkreis,Balingen,BaLingen,Baden-Württemberg,DE-BW,,
D,BLB,Siegen-Wittgenstein,Berleburg,BerLeBurg,Nordrhein-Westfalen,DE-NW,,
D,BLK,Burgenlandkreis,Burgenlandkreis,BurgenLandKreis,Sachsen-Anhalt,DE-ST,,
D,BM,Rhein-Erft-Kreis,Bergheim,BergheiM,Nordrhein-Westfalen,DE-NW,,
D,BN,Stadt Bonn,Bonn,BonN,Nordrhein-Westfalen,DE-NW,,
D,BNA,Leipzig,Borna,BorNA,Sachsen,DE-SN,,
D,BO,Stadt Bochum,Bochum,BOchum,Nordrhein-Westfalen,DE-NW,,
D,BOG,Straubing-Bogen,Bogen,BOGen,Bayern,DE-BY,,
D,BOH,Borken,Bocholt,BOcHolt,Nordrhein-Westfalen,DE-NW,,
D,BOR,Borken,Borken,BORken,Nordrhein-Westfalen,DE-NW,,
D,BOT,Stadt Bottrop,Bottrop,BOTtrop,Nordrhein-Westfalen,DE-NW,,
D,BR,Landkreis Karlsruhe,Bruchsal,BRuchsal,Baden-Württemberg,DE-BW,,
D,BRA,Wesermarsch,Brake,BRAke,Niedersachsen,DE-NI,,
D,BRB,Stadt Brandenburg,Brandenburg,BRandenBurg,Brandenburg,DE-BB,,"auslaufend Kreis, Abwicklung: Zulassungsbehörde Kreis Potsdam-Mittelmark"
D,BRG,Jerichower Land,Burg,BuRG,Sachsen-Anhalt,DE-ST,,
D,BRK,Bad Kissingen,Brückenau,BRücKenau,Bayern,DE-BY,,
D,BRL,Goslar,Braunlage,BRaunLage,Niedersachsen,DE-NI,,
D,BRV,Rotenburg (Wümme),Bremervörde,BRemerVörde,Niedersachsen,DE-NI,,
D,BS,Stadt Braunschweig,Braunschweig,BraunSchweig,Niedersachsen,DE-NI,,
D,BSB,Osnabrück,Bersenbrück,BerSenBrück,Niedersachsen,DE-NI,,
D,BSK,Oder-Spree,Beeskow,BeeSKow,Brandenburg,DE-BB,,
D,BT,Bayreuth,Bayreuth,BayreuTh,Bayern,DE-BY,1,
D,BTF,Anhalt-Bitterfeld,Bitterfeld,BitTerFeld,Sachsen-Anhalt,DE-ST,,
D,BUL,"Amberg-Sulzbach, Schwandorf",Burglengenfeld,BUrgLengenfeld,Bayern,DE-BY,"3,3",
D,BZ,Bautzen,Bautzen,BautZen,Sachsen,DE-SN,,
D,BÖ,Börde,Börde,BÖrde,Sachsen-Anhalt,DE-ST,,
D,BÜD,Wetteraukreis,Büdingen,BÜDingen,Hessen,DE-HE,,
D,BÜR,Paderborn,Büren,BÜRen,Nordrhein-Westfalen,DE-NW,,
D,BÜS,"Konstanz, Gemeinde Büsingen am Hochrhein",Büsingen,BÜSingen,Baden-Württemberg,DE-BW,,
D,BÜZ,Landkreis Rostock,Bützow,BÜtZow,Mecklenburg-Vorpommern,DE-MV,,
D,C,Stadt Chemnitz,Chemnitz,Chemnitz,Sachsen,DE-SN,,"auslaufend Kreis, Abwicklung: Zulassungsbehörde Zwickau"
D,CA,Oberspreewald-Lausitz,Calau,CAlau,Brandenburg,DE-BB,,
D,CAS,Recklinghausen,Castrop,CAStrop,Nordrhein-Westfalen,DE-NW,,
D,CB,Stadt Cottbus,Cottbus,CottBus,Brandenburg,DE-BB,,"auslaufend Kreis, Abwicklung: Zulassungsbehörde Spree-Neiße"
D,CE,Celle,Celle,CElle,Niedersachsen,DE-NI,,
D,CHA,Cham,Cham,CHAm,Bayern,DE-BY,,
D,CLP,Cloppenburg,Cloppenburg,CLopPenburg,Niedersachsen,DE-NI,,
D,CLZ,Goslar,Clausthal-Zellerfeld,CLausthal-Zellerfeld,Niedersachsen,DE-NI,,
D,CO,"Zulassungsstelle Coburg, Zweckverband",Coburg,COburg,Bayern,DE-BY,,
D,COC,Cochem-Zell,Cochem,COChem,Rheinland-Pfalz,DE-RP,,
D,COE,Coesfeld,Coesfeld,COEsfeld,Nordrhein-Westfalen,DE-NW,,
D,CR,Schwäbisch Hall,Crailsheim,CRailsheim,Baden-Württemberg,DE-BW,,
D,CUX,Cuxhaven,Cuxhaven,CUXhaven,Niedersachsen,DE-NI,,
D,CW,Calw,Calw,CalW,Baden-Württemberg,DE-BW,,
D,D,Stadt Düsseldorf,Düsseldorf,Düsseldorf,Nordrhein-Westfalen,DE-NW,,
D,DA,Darmstadt,Darmstadt,DArmstadt,Hessen,DE-HE,2,
D,DAH,Dachau,Dachau,DAcHau,Bayern,DE-BY,,
D,DAN,Lüchow-Dannenberg,Dannenberg,DANnenberg,Niedersachsen,DE-NI,,
D,DAU,Vulkaneifel,Daun,DAUn,Rheinland-Pfalz,DE-RP,,
D,DBR,Landkreis Rostock,Doberan,DoBeRan,Mecklenburg-Vorpommern,DE-MV,,
D,DD,Stadt Dresden,Dresden,DresDen,Sachsen,DE-SN,6,
D,DE,Stadt Dessau-Roßlau,Dessau,DEssau,Sachsen-Anhalt,DE-ST,,
D,DEG,Deggendorf,Deggendorf,DEGgendorf,Bayern,DE-BY,,
D,DEL,Stadt Delmenhorst,Delmenhorst,DELmenhorst,Niedersachsen,DE-NI,,
D,DGF,Dingolfing-Landau,Dingolfing,DinGolFing,Bayern,DE-BY,,
D,DH,Diepholz,Diepholz,DiepHolz,Niedersachsen,DE-NI,,
D,DI,Darmstadt-Dieburg,Dieburg,DIeburg,Hessen,DE-HE,,
D,DIL,Lahn-Dill-Kreis,Dillenburg,DILlenburg,Hessen,DE-HE,,
D,DIN,Wesel,Dinslaken,DINslaken,Nordrhein-Westfalen,DE-NW,,
D,DIZ,Rhein-Lahn-Kreis,Diez,DIeZ,Rheinland-Pfalz,DE-RP,,
D,DKB,Ansbach,Dinkelsbühl,DinKelsBühl,Bayern,DE-BY,,
D,DL,Mittelsachsen,Döbeln,DöbeLn,Sachsen,DE-SN,,
D,DLG,Dillingen an der Donau,Dillingen,DilLinGen,Bayern,DE-BY,,
D,DM,Mecklenburgische Seenplatte,Demmin,DemMin,Mecklenburg-Vorpommern,DE-MV,,
D,DN,Düren,Düren,DüreN,Nordrhein-Westfalen,DE-NW,,
D,DO,Stadt Dortmund,Dortmund,DOrtmund,Nordrhein-Westfalen,DE-NW,,
D,DON,Donau-Ries in Donauwörth,Donauwörth,DONauwörth,Bayern,DE-BY,,
D,DS,Schwarzwald-Baar-Kreis,Donaueschingen,DonaueSchingen,Baden-Württemberg,DE-BW,,
D,DU,Stadt Duisburg,Duisburg,DUisburg,Nordrhein-Westfalen,DE-NW,,
D,DUD,Göttingen,Duderstadt,DUDerstadt,Niedersachsen,DE-NI,,
D,DW,Sächsische Schweiz-Osterzgebirge,Dippoldiswalde,DippoldisWalde,Sachsen,DE-SN,,
D,DZ,Nordsachsen,Delitzsch,DelitZsch,Sachsen,DE-SN,,
D,DÜW,Bad Dürkheim,Dürkheim an der Weinstraße,DÜrkheim an der Weinstraße,Rheinland-Pfalz,DE-RP,,
D,E,Stadt Essen,Essen,Essen,Nordrhein-Westfalen,DE-NW,,
D,EA,Wartburgkreis,Eisenach,EisenAch,Thüringen,DE-TH,,
D,EB,Nordsachsen,Eilenburg,EilenBurg,Sachsen,DE-SN,,
D,EBE,Ebersberg,Ebersberg,EBErsberg,Bayern,DE-BY,,
D,EBN,Haßberge,Ebern,EBerN,Bayern,DE-BY,,
D,EBS,"Bayreuth, Forchheim, Kulmbach",Ebermannstadt,EBermannStadt,Bayern,DE-BY,"3,3,3",
D,ECK,Rendsburg-Eckernförde,Eckernförde,ECKernförde,Schleswig-Holstein,DE-SH,,
D,ED,Erding,Erding,ErDing,Bayern,DE-BY,,
D,EE,Elbe-Elster,"Elbe, Elster","Elbe, Elster",Brandenburg,DE-BB,,
D,EF,Stadt Erfurt,Erfurt,ErFurt,Thüringen,DE-TH,,"auslaufend Kreis, Abwicklung: Zulassungsbehörde Sömmerda"
D,EG,Rottal-Inn,Eggenfelden,EGgenfelden,Bayern,DE-BY,,
D,EH,Oder-Spree,Eisenhüttenstadt,EisenHüttenstadt,Brandenburg,DE-BB,,
D,EI,Eichstätt,Eichstätt,EIchstätt,Bayern,DE-BY,,
D,EIC,Eichsfeld,Eichsfeld,EIChsfeld,Thüringen,DE-TH,,
D,EIL,Mansfeld-Südharz,Eisleben,EIsLeben,Sachsen-Anhalt,DE-ST,,
D,EIN,Northeim,Einbeck,EINbeck,Niedersachsen,DE-NI,,
D,EIS,Saale-Holzland-Kreis,Eisenberg,EISenberg,Thüringen,DE-TH,,
D,EL,Emsland,Emsland,EmsLand,Niedersachsen,DE-NI,,
D,EM,Emmendingen,Emmendingen,EMmendingen,Baden-Württemberg,DE-BW,,
D,EMD,Stadt Emden,Emden,EMDen,Niedersachsen,DE-NI,,
D,EMS,Rhein-Lahn-Kreis,Ems,EMS,Rheinland-Pfalz,DE-RP,,
D,EN,Ennepe-Ruhr-Kreis,Ennepe,ENnepe,Nordrhein-Westfalen,DE-NW,,
D,ER,Stadt Erlangen,Erlangen,ERlangen,Bayern,DE-BY,1,"auslaufend Kreis, Abwicklung: Zulassungsbehörde Erlangen-Höchstadt"
D,ERB,Odenwaldkreis,Erbach,ERBach,Hessen,DE-HE,,
D,ERH,Erlangen-Höchstadt,"Erlangen, Höchstadt","ERlangen, Höchstadt",Bayern,DE-BY,,
D,ERK,Heinsberg,Erkelenz,ERKelenz,Nordrhein-Westfalen,DE-NW,,
D,ERZ,Erzgebirgskreis,Erzgebirge,ERZgebirge,Sachsen,DE-SN,,
D,ES,Esslingen,Esslingen,ESslingen,Baden-Württemberg,DE-BW,,
D,ESB,"Amberg-Sulzbach, Bayreuth, Neustadt a. d. Waldnaab, Nürnberger Land",Eschenbach,ESchenBach,Bayern,DE-BY,"3,3,3,3",
D,ESW,Werra-Meißner-Kreis,Eschwege,ESchWege,Hessen,DE-HE,,
D,EU,Euskirchen,Euskirchen,EUskirchen,Nordrhein-Westfalen,DE-NW,,
D,EW,Barnim,Eberswalde,EbersWalde,Brandenburg,DE-BB,,
D,F,Stadt Frankfurt am Main,Frankfurt,Frankfurt,Hessen,DE-HE,,
D,FB,Wetteraukreis in Friedberg Hessen,Friedberg,FriedBerg,Hessen,DE-HE,,
D,FD,Fulda,Fulda,FulDa,Hessen,DE-HE,,
D,FDB,Aichach-Friedberg,Friedberg,FrieDBerg,Bayern,DE-BY,,
D,FDS,Freudenstadt,Freudenstadt,FreuDenStadt,Baden-Württemberg,DE-BW,,
D,FEU,Ansbach,Feuchtwangen,FEUchtwangen,Bayern,DE-BY,,
D,FF,Stadt Frankfurt (Oder),Frankfurt,FrankFurt,Brandenburg,DE-BB,,
D,FFB,Fürstenfeldbruck,Fürstenfeldbruck,FürstenFeldBruck,Bayern,DE-BY,,
D,FG,Mittelsachsen,Freiberg,FreiberG,Sachsen,DE-SN,,
D,FI,Elbe-Elster,Finsterwalde,FInsterwalde,Brandenburg,DE-BB,,
D,FKB,Waldeck-Frankenberg,Frankenberg,FranKenBerg,Hessen,DE-HE,,
D,FL,Flensburg,Flensburg,FLensburg,Schleswig-Holstein,DE-SH,,
D,FLÖ,Mittelsachsen,Flöha,FLÖha,Sachsen,DE-SN,,
D,FN,Bodenseekreis,Friedrichshafen,FriedrichshafeN,Baden-Württemberg,DE-BW,,
D,FO,Forchheim,Forchheim,FOrchheim,Bayern,DE-BY,,
D,FOR,Spree-Neiße,Forst,FORst,Brandenburg,DE-BB,,
D,FR,"Stadt Freiburg im Breisgau, Breisgau-Hochschwarzwald",Freiburg,FReiburg,Baden-Württemberg,DE-BW,"3,3",
D,FRG,Freyung-Grafenau,"Freyung, Grafenau","FReyung, Grafenau",Bayern,DE-BY,,
D,FRI,Friesland,Friesland,FRIesland,Niedersachsen,DE-NI,,
D,FRW,Märkisch-Oderland,Freienwalde,FReienWalde,Brandenburg,DE-BB,,
D,FS,"Freising, Moosburg",Freising,FreiSing,Bayern,DE-BY,"3,3",
D,FT,Stadt Frankenthal (Pfalz),Frankenthal,FrankenThal,Rheinland-Pfalz,DE-RP,,"auslaufend Kreis, Abwicklung: Zulassungsbehörde Bad Dürkheim und Rhein-Pfalz-Kreis"
D,FTL,Sächsische Schweiz-Osterzgebirge,Freital,FreiTaL,Sachsen,DE-SN,,
D,FW,Oder-Spree,Fürstenwalde,FürstenWalde,Brandenburg,DE-BB,,
D,FZ,Schwalm-Eder-Kreis,Fritzlar,FritZlar,Hessen,DE-HE,,
D,FÜ,Fürth,Fürth,FÜrth,Bayern,DE-BY,1,
D,FÜS,Ostallgäu,Füssen,FÜSsen,Bayern,DE-BY,,
D,G,Stadt Gera,Gera,Gera,Thüringen,DE-TH,,"auslaufend Kreis, Abwicklung: Zulassungsbehörde Greiz"
D,GA,Altmarkkreis Salzwedel,Gardelegen,GArdelegen,Sachsen-Anhalt,DE-ST,,
D,GAN,Northeim,Gandersheim,GANdersheim,Niedersachsen,DE-NI,,
D,GAP,Garmisch-Partenkirchen,Garmisch-Partenkirchen,GArmisch-Partenkirchen,Bayern,DE-BY,,
D,GC,Zwickau,Glauchau,GlauChau,Sachsen,DE-SN,,
D,GD,Ostalbkreis,Gmünd,GmünD,Baden-Württemberg,DE-BW,,
D,GDB,Nordwestmecklenburg,Gadebusch,GaDeBusch,Mecklenburg-Vorpommern,DE-MV,,
D,GE,Stadt Gelsenkirchen,Gelsenkirchen,GElsenkirchen,Nordrhein-Westfalen,DE-NW,,
D,GEL,Kleve,Geldern,GELdern,Nordrhein-Westfalen,DE-NW,,
D,GEO,"Haßberge, Schweinfurt",Gerolzhofen,GErOlzhofen,Bayern,DE-BY,"3,3",
D,GER,Germersheim,Germersheim,GERmersheim,Rheinland-Pfalz,DE-RP,,
D,GF,Gifhorn,Gifhorn,GiFhorn,Niedersachsen,DE-NI,,
D,GG,Groß-Gerau,Groß-Gerau,Groß-Gerau,Hessen,DE-HE,,
D,GHA,Leipzig,Geithain,GeitHAin,Sachsen,DE-SN,,
D,GHC,Wittenberg,Gräfenhainichen,GräfenHainiChen,Sachsen-Anhalt,DE-ST,,
D,GI,Gießen,Gießen,GIeßen,Hessen,DE-HE,,
D,GK,Heinsberg,Geilenkirchen,GeilenKirchen,Nordrhein-Westfalen,DE-NW,,
D,GL,Rheinisch-Bergischer Kreis,Gladbach,GLadbach,Nordrhein-Westfalen,DE-NW,,
D,GLA,Recklinghausen,Gladbeck,GLAdbeck,Nordrhein-Westfalen,DE-NW,,
D,GM,Oberbergischer Kreis,Gummersbach,GumMersbach,Nordrhein-Westfalen,DE-NW,,
D,GMN,Vorpommern-Rügen,Grimmen,GrimMeN,Mecklenburg-Vorpommern,DE-MV,,
D,GN,Main-Kinzig-Kreis,Gelnhausen,GelnhauseN,Hessen,DE-HE,,
D,GNT,Jerichower Land,Genthin,GeNThin,Sachsen-Anhalt,DE-ST,,
D,GOA,Rhein-Hunsrück-Kreis,Sankt Goar,Sankt GOAr,Rheinland-Pfalz,DE-RP,,
D,GOH,Rhein-Lahn-Kreis,Sankt Goarshausen,Sankt GOarsHausen,Rheinland-Pfalz,DE-RP,,
D,GP,Göppingen,Göppingen,GöpPingen,Baden-Württemberg,DE-BW,,
D,GR,Görlitz,Görlitz,GöRlitz,Sachsen,DE-SN,,
D,GRA,Freyung-Grafenau,Grafenau,GRAfenau,Bayern,DE-BY,,
D,GRH,Meißen,Großenhain,GRoßenHain,Sachsen,DE-SN,,
D,GRI,Rottal-Inn,Griesbach,GRIesbach,Bayern,DE-BY,,
D,GRM,Leipzig,Grimma,GRimMa,Sachsen,DE-SN,,
D,GRZ,Greiz,Greiz,GReiZ,Thüringen,DE-TH,,
D,GS,Goslar,Goslar,GoSlar,Niedersachsen,DE-NI,,
D,GT,Gütersloh,Gütersloh,GüTersloh,Nordrhein-Westfalen,DE-NW,,
D,GTH,Gotha,Gotha,GoTHa,Thüringen,DE-TH,,
D,GUB,Spree-Neiße,Guben,GUBen,Brandenburg,DE-BB,,
D,GUN,Weißenburg-Gunzenhausen,Gunzenhausen,GUNzenhausen,Bayern,DE-BY,,
D,GV,Rhein-Kreis Neuss,Grevenbroich,GreVenbroich,Nordrhein-Westfalen,DE-NW,,
D,GVM,Nordwestmecklenburg,Grevesmühlen,GreVesMühlen,Mecklenburg-Vorpommern,DE-MV,,
D,GW,Vorpommern-Greifswald,Greifswald,GreifsWald,Mecklenburg-Vorpommern,DE-MV,,
D,GZ,Günzburg,Günzburg,GünZburg,Bayern,DE-BY,,
D,GÖ,Göttingen,Göttingen,GÖttingen,Niedersachsen,DE-NI,1,
D,GÜ,Landkreis Rostock,Güstrow,GÜstrow,Mecklenburg-Vorpommern,DE-MV,,
D,H,Hannover,Hannover,Hannover,Niedersachsen,DE-NI,1,
D,HA,Stadt Hagen,Hagen,HAgen,Nordrhein-Westfalen,DE-NW,,
D,HAB,Bad Kissingen,Hammelburg,HAmmelBurg,Bayern,DE-BY,,
D,HAL,Stadt Halle,Halle,HALle,Sachsen-Anhalt,DE-ST,,
D,HAM,Stadt Hamm,Hamm,HAMm,Nordrhein-Westfalen,DE-NW,,
D,HAS,Haßberge,Hassfurt,HASsfurt,Bayern,DE-BY,,
D,HB,Freie Hansestadt Bremen,Hansestadt Bremen,Hansestadt Bremen,Bremen,DE-HB,1,
D,HBN,Hildburghausen,Hildburghausen,HildBurghauseN,Thüringen,DE-TH,,
D,HBS,Harz,Halberstadt,HalBerStadt,Sachsen-Anhalt,DE-ST,,
D,HC,Mittelsachsen,Hainichen,HainiChen,Sachsen,DE-SN,,
D,HCH,"Freudenstadt, Zollernalbkreis",Hechingen,HeCHingen,Baden-Württemberg,DE-BW,"3,3",
D,HD,"Stadt Heidelberg, Rhein-Neckar-Kreis",Heidelberg,HeiDelberg,Baden-Württemberg,DE-BW,"3,3",
D,HDH,Heidenheim,Heidenheim,HeiDenHeim,Baden-Württemberg,DE-BW,,
D,HDL,Börde,Haldensleben,HalDensLeben,Sachsen-Anhalt,DE-ST,,
D,HE,Helmstedt,Helmstedt,HElmstedt,Niedersachsen,DE-NI,,
D,HEB,Nürnberger Land,Hersbruck,HErsBruck,Bayern,DE-BY,,
D,HEF,Hersfeld-Rotenburg,Hersfeld,HErsFeld,Hessen,DE-HE,,
D,HEI,Dithmarschen,Heide,HEIde,Schleswig-Holstein,DE-SH,,
D,HER,Stadt Herne,Herne,HERne,Nordrhein-Westfalen,DE-NW,,
D,HET,Mansfeld-Südharz,Hettstedt,HETtstedt,Sachsen-Anhalt,DE-ST,,
D,HF,Herford,Herford,HerFord,Nordrhein-Westfalen,DE-NW,,
D,HG,Hochtaunuskreis,Homburg,HomburG,Hessen,DE-HE,,
D,HGN,Ludwigslust-Parchim,Hagenow,HaGeNow,Mecklenburg-Vorpommern,DE-MV,,
D,HGW,Hansestadt Greifswald,Hansestadt Greifswald,Hansestadt GreifsWald,Mecklenburg-Vorpommern,DE-MV,,
D,HH,Freie und Hansestadt Hamburg,Hansestadt Hamburg,Hansestadt Hamburg,Hamburg,DE-HH,,
D,HHM,Burgenlandkreis,Hohenmölsen,HoHenMölsen,Sachsen-Anhalt,DE-ST,,
D,HI,Hildesheim,Hildesheim,HIldesheim,Niedersachsen,DE-NI,,
D,HIG,Eichsfeld,Heiligenstadt,HeilIGenstadt,Thüringen,DE-TH,,
D,HIP,Roth,Hilpoltstein,HIlPoltstein,Bayern,DE-BY,,
D,HK,Heidekreis,Heidekreis,HeideKreis,Niedersachsen,DE-NI,,
D,HL,Hansestadt Lübeck,Hansestadt Lübeck,Hansestadt Lübeck,Schleswig-Holstein,DE-SH,,
D,HM,Hameln-Pyrmont,Hameln,HaMeln,Niedersachsen,DE-NI,,
D,HMÜ,Göttingen,Hann. Münden,Hann. MÜnden,Niedersachsen,DE-NI,,
D,HN,Heilbronn,Heilbronn,HeilbronN,Baden-Württemberg,DE-BW,1,
D,HO,Hof,Hof,HOf,Bayern,DE-BY,1,
D,HOG,Kassel,Hofgeismar,HOfGeismar,Hessen,DE-HE,,
D,HOH,Haßberge,Hofheim,HOfHeim,Bayern,DE-BY,,
D,HOL,Holzminden,Holzminden,HOLzminden,Niedersachsen,DE-NI,,
D,HOM,Saarpfalz-Kreis außer Stadt St. Ingbert (IGB),Homburg,HOMburg,Saarland,DE-SL,,
D,HOR,Freudenstadt,Horb,HORb,Baden-Württemberg,DE-BW,,
D,HOT,Zwickau,Hohenstein,HOhensTein,Sachsen,DE-SN,,
D,HP,Bergstraße,Heppenheim,HepPenheim,Hessen,DE-HE,,
D,HR,Schwalm-Eder-Kreis,Homberg,HombeRg,Hessen,DE-HE,,
D,HRO,Hansestadt Rostock,Hansestadt Rostock,Hansestadt ROstock,Mecklenburg-Vorpommern,DE-MV,,
D,HS,Heinsberg,Heinsberg,HeinSberg,Nordrhein-Westfalen,DE-NW,,
D,HSK,Hochsauerlandkreis,Hochsauerlandkreis,HochSauerlandKreis,Nordrhein-Westfalen,DE-NW,,
D,HST,Hansestadt Stralsund,Hansestadt Stralsund,Hansestadt STralsund,Mecklenburg-Vorpommern,DE-MV,1,"auslaufend Kreis, Abwicklung: Zulassungsbehörde Vorpommern-Rügen"
D,HU,"Hanau, Main-Kinzig-Kreis",Hanau,HanaU,Hessen,DE-HE,"2,2",
D,HV,Stendal,Havelberg,HaVelberg,Sachsen-Anhalt,DE-ST,,
D,HVL,Havelland,Havelland,HaVelLand,Brandenburg,DE-BB,,
D,HWI,Hansestadt Wismar,Hansestadt Wismar,Hansestadt WIsmar,Mecklenburg-Vorpommern,DE-MV,,
D,HX,Höxter,Höxter,HöXter,Nordrhein-Westfalen,DE-NW,,
D,HY,Bautzen,Hoyerswerda,HoYerswerda,Sachsen,DE-SN,,
D,HZ,Harz,Harz,HarZ,Sachsen-Anhalt,DE-ST,,
D,HÖS,Erlangen-Höchstadt,Höchstadt,HÖchStadt,Bayern,DE-BY,,
D,IGB,Stadt St. Ingbert,Ingbert,InGBert,Saarland,DE-SL,,
D,IK,Ilm-Kreis,Ilm-Kreis,Ilm-Kreis,Thüringen,DE-TH,,
D,IL,Ilm-Kreis,Ilmenau,ILmenau,Thüringen,DE-TH,,
D,ILL,Neu-Ulm,Illertissen,ILLertissen,Bayern,DE-BY,,
D,IN,Stadt Ingolstadt,Ingolstadt,INgolstadt,Bayern,DE-BY,,"auslaufend Kreis, Abwicklung: Zulassungsbehörde Eichstätt"
D,IZ,Steinburg,Itzehoe,ItZehoe,Schleswig-Holstein,DE-SH,,
D,J,Stadt Jena,Jena,Jena,Thüringen,DE-TH,,"auslaufend Kreis, Abwicklung: Zulassungsbehörde Saale-Holzland-Kreis"
D,JB,Teltow-Fläming,Jüterbog,JüterBog,Brandenburg,DE-BB,,
D,JE,Wittenberg,Jessen,JEssen,Sachsen-Anhalt,DE-ST,,
D,JL,Jerichower Land,Jerichower Land,Jerichower Land,Sachsen-Anhalt,DE-ST,,
D,JÜL,Düren,Jülich,JÜLich,Nordrhein-Westfalen,DE-NW,,
D,K,Stadt Köln,Köln,Köln,Nordrhein-Westfalen,DE-NW,,
D,KA,Karlsruhe,Karlsruhe,KArlsruhe,Baden-Württemberg,DE-BW,1,
D,KB,Waldeck-Frankenberg,Korbach,KorBach,Hessen,DE-HE,,
D,KC,Kronach,Kronach,KronaCh,Bayern,DE-BY,,
D,KE,Stadt Kempten (Allgäu),Kempten,KEmpten,Bayern,DE-BY,1,"auslaufend Kreis, Abwicklung: Zulassungsbehörde Oberallgäu"
D,KEH,Kelheim,Kelheim,KElHeim,Bayern,DE-BY,,
D,KEL,Ortenaukreis,Kehl,KEhL,Baden-Württemberg,DE-BW,,
D,KEM,"Bayreuth, Tirschenreuth",Kemnath,KEMnath,Bayern,DE-BY,"3,3",
D,KF,Stadt Kaufbeuren,Kaufbeuren,KauFbeuren,Bayern,DE-BY,,"auslaufend Kreis, Abwicklung: Zulassungsbehörde Ostallgäu"
D,KG,Bad Kissingen,Kissingen,KissinGen,Bayern,DE-BY,,
D,KH,Bad Kreuznach,Kreuznach,KreuznacH,Rheinland-Pfalz,DE-RP,,
D,KI,Kiel,Kiel,KIel,Schleswig-Holstein,DE-SH,,
D,KIB,Donnersbergkreis,Kirchheimbolanden,KIrchheimBolanden,Rheinland-Pfalz,DE-RP,,
D,KK,Viersen,"Kempen, Krefeld","Kempen, Krefeld",Nordrhein-Westfalen,DE-NW,,
D,KL,Kaiserslautern,Kaiserslautern,KaisersLautern,Rheinland-Pfalz,DE-RP,,
D,KLE,Kleve,Kleve,KLEve,Nordrhein-Westfalen,DE-NW,,
D,KLZ,Altmarkkreis Salzwedel,Klötze,KLötZe,Sachsen-Anhalt,DE-ST,,
D,KM,Bautzen,Kamenz,KaMenz,Sachsen,DE-SN,,
D,KN,Konstanz,Konstanz,KoNstanz,Baden-Württemberg,DE-BW,,
D,KO,Stadt Koblenz,Koblenz,KOblenz,Rheinland-Pfalz,DE-RP,,"auslaufend Kreis, Abwicklung: Zulassungsbehörde Kreis Mayen-Koblenz"
D,KR,Stadt Krefeld,Krefeld,KRefeld,Nordrhein-Westfalen,DE-NW,,
D,KRU,Günzburg,Krumbach,KRUmbach,Bayern,DE-BY,,
D,KS,Kassel,Kassel,KasSel,Hessen,DE-HE,3,
D,KT,Kitzingen,Kitzingen,KiTzingen,Bayern,DE-BY,,
D,KU,Kulmbach,Kulmbach,KUlmbach,Bayern,DE-BY,,
D,KUS,Kusel,Kusel,KUSel,Rheinland-Pfalz,DE-RP,,
D,KW,Dahme-Spreewald,Königs Wusterhausen,Königs Wusterhausen,Brandenburg,DE-BB,,
D,KY,Ostprignitz-Ruppin,Kyritz,KYritz,Brandenburg,DE-BB,,
D,KYF,Kyffhäuserkreis,Kyffhäuser,KYFfhäuser,Thüringen,DE-TH,,
D,KÖN,Rhön-Grabfeld,Königshofen,KÖNigshofen,Bayern,DE-BY,,
D,KÖT,Anhalt-Bitterfeld,Köthen,KÖThen,Sachsen-Anhalt,DE-ST,,
D,KÖZ,Cham,Kötzting,KÖtZting,Bayern,DE-BY,,
D,KÜN,Hohenlohekreis,Künzelsau,KÜNzelsau,Baden-Württemberg,DE-BW,,
D,L,Leipzig,Leipzig,Leipzig,Sachsen,DE-SN,1,
D,LA,Landshut,Landshut,LAndshut,Bayern,DE-BY,1,
D,LAN,Dingolfing-Landau,Landau,LANdau,Bayern,DE-BY,,
D,LAU,Nürnberger Land,Lauf,LAUf,Bayern,DE-BY,,
D,LB,Ludwigsburg,Ludwigsburg,LudwigsBurg,Baden-Württemberg,DE-BW,,
D,LBS,Saale-Orla-Kreis,Lobenstein,LoBenStein,Thüringen,DE-TH,,
D,LBZ,Ludwigslust-Parchim,Lübz,LüBZ,Mecklenburg-Vorpommern,DE-MV,,
D,LC,Dahme-Spreewald,Luckau,LuCkau,Brandenburg,DE-BB,,
D,LD,Stadt Landau in der Pfalz,Landau,LanDau,Rheinland-Pfalz,DE-RP,,"auslaufend Kreis, Abwicklung: Zulassungsbehörde Kreis Südliche Weinstraße"
D,LDK,Lahn-Dill-Kreis in Wetzlar,Lahn-Dill-Kreis,Lahn-Dill-Kreis,Hessen,DE-HE,,
D,LDS,Dahme-Spreewald,Landkreis Dahme-Spreewald,Landkreis Dahme-Spreewald,Brandenburg,DE-BB,,
D,LEO,Böblingen,Leonberg,LEOnberg,Baden-Württemberg,DE-BW,,
D,LER,Leer,Leer,LEeR,Niedersachsen,DE-NI,,
D,LEV,Stadt Leverkusen,Leverkusen,LEVerkusen,Nordrhein-Westfalen,DE-NW,,
D,LF,"Altötting, Berchtesgadener Land, Traunstein",Laufen,LauFen,Bayern,DE-BY,"3,3,3",
D,LG,Lüneburg,Lüneburg,LüneburG,Niedersachsen,DE-NI,,
D,LH,"Coesfeld, Unna",Lüdinghausen,LüdingHausen,Nordrhein-Westfalen,DE-NW,"3,3",
D,LI,Lindau (Bodensee),Lindau,LIndau,Bayern,DE-BY,,
D,LIB,Elbe-Elster,Liebenwerda,LIeBenwerda,Brandenburg,DE-BB,,
D,LIF,Lichtenfels,Lichtenfels,LIchtenFels,Bayern,DE-BY,,
D,LIP,Lippe,Lippe,LIPpe,Nordrhein-Westfalen,DE-NW,,
D,LL,Landsberg am Lech,Landsberg am Lech,Landsberg am Lech,Bayern,DE-BY,,
D,LM,Limburg-Weilburg,Limburg,LiMburg,Hessen,DE-HE,,
D,LN,Dahme-Spreewald,Lübben,LübbeN,Brandenburg,DE-BB,,
D,LOS,Oder-Spree,Landkreis Oder-Spree,Landkreis Oder-Spree,Brandenburg,DE-BB,,
D,LP,Soest,Lippstadt,LiPpstadt,Nordrhein-Westfalen,DE-NW,,
D,LR,Ortenaukreis,Lahr,LahR,Baden-Württemberg,DE-BW,,
D,LRO,Landkreis Rostock,Landkreis Rostock,Landkreis ROstock,Mecklenburg-Vorpommern,DE-MV,,
D,LSZ,Unstrut-Hainich-Kreis,Langensalza,LangenSalZa,Thüringen,DE-TH,,
D,LU,Ludwigshafen am Rhein,Ludwigshafen,LUdwigshafen,Rheinland-Pfalz,DE-RP,,"auslaufend Kreis, Abwicklung: Zulassungsbehörde Rheinland-Pfalz-Kreis"
D,LUK,Teltow-Fläming,Luckenwalde,LUcKenwalde,Brandenburg,DE-BB,,
D,LUP,Ludwigslust-Parchim,"Ludwigslust, Parchim","LUdwigslust, Parchim",Mecklenburg-Vorpommern,DE-MV,,
D,LWL,Ludwigslust-Parchim,Ludwigslust,LudWigsLust,Mecklenburg-Vorpommern,DE-MV,,
D,LÖ,Lörrach,Lörrach,LÖrrach,Baden-Württemberg,DE-BW,,
D,LÖB,Görlitz,Löbau,LÖBau,Sachsen,DE-SN,,
D,LÜN,Unna,Lünen,LÜNen,Nordrhein-Westfalen,DE-NW,,
D,M,München,München,München,Bayern,DE-BY,1,
D,MA,Stadt Mannheim,Mannheim,MAnnheim,Baden-Württemberg,DE-BW,,"auslaufend Kreis, Abwicklung: Zulassungsbehörde Rhein-Neckar-Kreis"
D,MAB,Erzgebirgskreis,Marienberg,MArienBerg,Sachsen,DE-SN,,
D,MAI,"Kelheim, Landshut",Mainburg,MAInburg,Bayern,DE-BY,"3,3",
D,MAK,Wunsiedel i. Fichtelgebirge,Marktredwitz,MArKtredwitz,Bayern,DE-BY,,
D,MAL,Landshut Straubing-Bogen,Mallersdorf,MALlersdorf,Bayern,DE-BY,"3,3",
D,MB,Miesbach,Miesbach,MiesBach,Bayern,DE-BY,,
D,MC,Mecklenburgische Seenplatte,Malchin,MalChin,Mecklenburg-Vorpommern,DE-MV,,
D,MD,Stadt Magdeburg,Magdeburg,MagDeburg,Sachsen-Anhalt,DE-ST,,
D,ME,Mettmann,Mettmann,MEttmann,Nordrhein-Westfalen,DE-NW,,
D,MED,Dithmarschen,Meldorf,MElDorf,Schleswig-Holstein,DE-SH,,
D,MEG,Schwalm-Eder-Kreis,Melsungen,MElsunGen,Hessen,DE-HE,,
D,MEI,Meißen,Meißen,MEIßen,Sachsen,DE-SN,,
D,MEK,Erzgebirgskreis,Mittlerer Erzgebirgskreis,Mittlerer ErzgebirgsKreis,Sachsen,DE-SN,,
D,MEL,Osnabrück,Melle,MELle,Niedersachsen,DE-NI,,
D,MER,Saalekreis,Merseburg,MERseburg,Sachsen-Anhalt,DE-ST,,
D,MET,Rhön-Grabfeld,Mellrichstadt,MEllrichstadT,Bayern,DE-BY,,
D,MG,Stadt Mönchengladbach,Mönchengladbach,MönchenGladbach,Nordrhein-Westfalen,DE-NW,,
D,MGH,Main-Tauber-Kreis,Mergentheim,MerGentHeim,Baden-Württemberg,DE-BW,,
D,MGN,Schmalkalden-Meiningen,Meiningen,MeininGeN,Thüringen,DE-TH,,
D,MH,Stadt Mülheim an der Ruhr,Mülheim,MülHeim,Nordrhein-Westfalen,DE-NW,,
D,MHL,Unstrut-Hainich-Kreis,Mühlhausen,MüHLhausen,Thüringen,DE-TH,,
D,MI,Minden-Lübbecke,Minden,MInden,Nordrhein-Westfalen,DE-NW,,
D,MIL,Miltenberg,Miltenberg,MILtenberg,Bayern,DE-BY,,
D,MK,Märkischer Kreis,Märkischer Kreis,Märkischer Kreis,Nordrhein-Westfalen,DE-NW,,
D,MKK,Main-Kinzig-Kreis,Main-Kinzig-Kreis,Main-Kinzig-Kreis,Hessen,DE-HE,,
D,ML,Mansfeld-Südharz,Mansfelder Land,Mansfelder Land,Sachsen-Anhalt,DE-ST,,
D,MM,Stadt Memmingen,Memmingen,MemMingen,Bayern,DE-BY,1,"auslaufend Kreis, Abwicklung: Zulassungsbehörde Unterallgäu"
D,MN,Unterallgäu,Mindelheim,MiNdelheim,Bayern,DE-BY,,
D,MO,Wesel,Moers,MOers,Nordrhein-Westfalen,DE-NW,,
D,MOD,Ostallgäu,Marktoberdorf,MarktOberDorf,Bayern,DE-BY,,
D,MOL,Märkisch-Oderland,Märkisch-Oderland,Märkisch-OderLand,Brandenburg,DE-BB,,
D,MON,"Aachen, Düren",Monschau,MONschau,Nordrhein-Westfalen,DE-NW,"3,3",
D,MOS,Neckar-Odenwald-Kreis,Mosbach,MOSbach,Baden-Württemberg,DE-BW,,
D,MQ,Saalekreis,"Merseburg, Querfurt","Merseburg, Querfurt",Sachsen-Anhalt,DE-ST,,
D,MR,Marburg-Biedenkopf,Marburg,MaRburg,Hessen,DE-HE,,
D,MS,Stadt Münster,Münster,MünSter,Nordrhein-Westfalen,DE-NW,,
D,MSE,Mecklenburgische Seenplatte,Mecklenburgische Seenplatte,Mecklenburgische SEenplatte,Mecklenburg-Vorpommern,DE-MV,,
D,MSH,Mansfeld-Südharz,"Mansfeld, Südharz","Mansfeld, SüdHarz",Sachsen-Anhalt,DE-ST,,
D,MSP,Main-Spessart,"Main, Spessart","Main, SPessart",Bayern,DE-BY,,
D,MST,Mecklenburgische Seenplatte,Mecklenburg-Strelitz,Mecklenburg-STrelitz,Mecklenburg-Vorpommern,DE-MV,,
D,MTK,Main-Taunus-Kreis,Main-Taunus-Kreis,Main-Taunus-Kreis,Hessen,DE-HE,,
D,MTL,Leipzig,Muldental,MuldenTaL,Sachsen,DE-SN,,
D,MUC,Stadt München,München,MUenChen,Bayern,DE-BY,,
D,MW,Mittelsachsen,Mittweida,MittWeida,Sachsen,DE-SN,,
D,MY,Mayen-Koblenz,Mayen,MaYen,Rheinland-Pfalz,DE-RP,,
D,MYK,Mayen-Koblenz,"Mayen, Koblenz","MaYen, Koblenz",Rheinland-Pfalz,DE-RP,,
D,MZ,Mainz,Mainz,MainZ,Rheinland-Pfalz,DE-RP,1,
D,MZG,Merzig-Wadern,Merzig,MerZiG,Saarland,DE-SL,,
D,MÜ,Mühldorf am Inn,Mühldorf,MÜhldorf,Bayern,DE-BY,,
D,MÜB,"Bayreuth, Hof",Münchberg,MÜnchBerg,Bayern,DE-BY,"3,3",
D,MÜL,Breisgau-Hochschwarzwald,Müllheim,MÜLlheim,Baden-Württemberg,DE-BW,,
D,MÜR,Mecklenburgische Seenplatte,Müritz,MÜRitz,Mecklenburg-Vorpommern,DE-MV,,
D,N,"Nürnberg Stadt, Nürnberger Land",Nürnberg,Nürnberg,Bayern,DE-BY,"3,3",
D,NAB,"Amberg-Sulzbach, Schwandorf",Nabburg,NABburg,Bayern,DE-BY,"3,3",
D,NAI,Hof,Naila,NAIla,Bayern,DE-BY,,
D,NAU,Havelland,Nauen,NAUen,Brandenburg,DE-BB,,
D,NB,Stadt Neubrandenburg,Neubrandenburg,NeuBrandenburg,Mecklenburg-Vorpommern,DE-MV,1,"auslaufend Kreis, Abwicklung: Zulassungsbehörde Mecklenburg-Strelitz"
D,ND,Neuburg-Schrobenhausen,Neuburg an der Donau,Neuburg an der Donau,Bayern,DE-BY,,
D,NDH,Nordhausen,Nordhausen,NorDHausen,Thüringen,DE-TH,,
D,NE,Rhein-Kreis Neuss,Neuss,NEuss,Nordrhein-Westfalen,DE-NW,,
D,NEA,Neustadt an der Aisch-Bad Winsheim,Neustadt an der Aisch,NEustadt an der Aisch,Bayern,DE-BY,,
D,NEB,Burgenlandkreis,Nebra,NEBra,Sachsen-Anhalt,DE-ST,,
D,NEC,"Zulassungsstelle Coburg, Zweckverband",Neustadt bei Coburg,NEustadt bei Coburg,Bayern,DE-BY,,
D,NEN,Schwandorf,Neunburg,NEuNburg,Bayern,DE-BY,,
D,NES,Rhön-Grabfeld,Neustadt an der Saale,NEustadt an der Saale,Bayern,DE-BY,,
D,NEU,Breisgau-Hochschwarzwald,Neustadt,NEUstadt,Baden-Württemberg,DE-BW,,
D,NEW,Neustadt an der Waldnaab,Neustadt an der Waldnaab,NEustadt an der Waldnaab,Bayern,DE-BY,,
D,NF,Nordfriesland,Nordfriesland,NordFriesland,Schleswig-Holstein,DE-SH,,
D,NH,Sonneberg,Neuhaus,NeuHaus,Thüringen,DE-TH,,
D,NI,Nienburg (Weser),Nienburg,NIenburg,Niedersachsen,DE-NI,,
D,NK,Neunkirchen Saar,Neunkirchen,NeunKirchen,Saarland,DE-SL,,
D,NM,Neumarkt in der Oberpfalz,Neumarkt,NeuMarkt,Bayern,DE-BY,,
D,NMB,Burgenlandkreis,Naumburg,NauMBurg,Sachsen-Anhalt,DE-ST,,
D,NMS,Neumünster,Neumünster,NeuMünSter,Schleswig-Holstein,DE-SH,,
D,NOH,Grafschaft Bentheim,Nordhorn,NOrdHorn,Niedersachsen,DE-NI,,
D,NOL,Görlitz,Niederschlesische Oberlausitz,Niederschlesische OberLausitz,Sachsen,DE-SN,,
D,NOM,Northeim,Northeim,NOrtheiM,Niedersachsen,DE-NI,,
D,NOR,Aurich,Norden,NORden,Niedersachsen,DE-NI,,
D,NP,Ostprignitz-Ruppin,Neuruppin,NeurupPin,Brandenburg,DE-BB,,
D,NR,Neuwied,Neuwied am Rhein,Neuwied am Rhein,Rheinland-Pfalz,DE-RP,,
D,NT,Esslingen,Nürtingen,NürTingen,Baden-Württemberg,DE-BW,,
D,NU,Neu-Ulm,Neu-Ulm,Neu-Ulm,Bayern,DE-BY,,
D,NVP,Vorpommern-Rügen,Nordvorpommern,NordVorPommern,Mecklenburg-Vorpommern,DE-MV,,
D,NW,Neustadt an der Weinstraße,Neustadt an der Weinstraße,Neustadt an der Weinstraße,Rheinland-Pfalz,DE-RP,,"auslaufend Kreis, Abwicklung: Zulassungsbehörde Bad Dürkheim"
D,NWM,Nordwestmecklenburg,Nordwestmecklenburg,NordWestMecklenburg,Mecklenburg-Vorpommern,DE-MV,,
D,NY,Görlitz,Niesky,NieskY,Sachsen,DE-SN,,
D,NZ,Mecklenburgische Seenplatte,Neustrelitz,NeustrelitZ,Mecklenburg-Vorpommern,DE-MV,,
D,NÖ,Donau-Ries,Nördlingen,NÖrdlingen,Bayern,DE-BY,,
D,OA,Oberallgäu,Oberallgäu,OberAllgäu,Bayern,DE-BY,,
D,OAL,Ostallgäu,Ostallgäu,OstALlgäu,Bayern,DE-BY,,
D,OB,Stadt Oberhausen,Oberhausen,OBerhausen,Nordrhein-Westfalen,DE-NW,,
D,OBB,Miltenberg,Obernburg,OBernBurg,Bayern,DE-BY,,
D,OBG,Stendal,Osterburg,OsterBurG,Sachsen-Anhalt,DE-ST,,
D,OC,Börde,Oschersleben,OsChersleben,Sachsen-Anhalt,DE-ST,,
D,OCH,Würzburg,Ochsenfurt,OCHsenfurt,Bayern,DE-BY,,
D,OD,Stormarn,Oldesloe,OlDesloe,Schleswig-Holstein,DE-SH,,
D,OE,Olpe,Olpe,OlpE,Nordrhein-Westfalen,DE-NW,,
D,OF,Offenbach am Main,Offenbach,OFfenbach,Hessen,DE-HE,2,
D,OG,Ortenaukreis,Offenburg,OffenburG,Baden-Württemberg,DE-BW,,
D,OH,Ostholstein,Ostholstein,OstHolstein,Schleswig-Holstein,DE-SH,,
D,OHA,Göttingen,Osterode am Harz,Osterode am HArz,Niedersachsen,DE-NI,,
D,OHV,Oberhavel,Oberhavel,OberHaVel,Brandenburg,DE-BB,,
D,OHZ,Osterholz,Osterholz,OsterHolZ,Niedersachsen,DE-NI,,
D,OK,Börde,Ohrekreis,OhreKreis,Sachsen-Anhalt,DE-ST,,
D,OL,Oldenburg,Oldenburg,OLdenburg,Niedersachsen,DE-NI,1,
D,OP,Stadt Leverkusen,Opladen,OPladen,Nordrhein-Westfalen,DE-NW,,
D,OPR,Ostprignitz-Ruppin,"Ostprignitz, Ruppin","OstPrignitz, Ruppin",Brandenburg,DE-BB,,
D,OS,Osnabrück,Osnabrück,OSnabrück,Niedersachsen,DE-NI,1,
D,OSL,Oberspreewald-Lausitz,"Oberspreewald, Lausitz","OberSpreewald, Lausitz",Brandenburg,DE-BB,,
D,OTW,Neunkirchen,Ottweiler,OTtWeiler,Saarland,DE-SL,,
D,OVI,Schwandorf,Oberviechtach,OberVIechtach,Bayern,DE-BY,,
D,OVL,Vogtlandkreis,Obervogtland,OberVogtLand,Sachsen,DE-SN,,
D,OVP,Vorpommern-Greifswald,Ostvorpommern,OstVorPommern,Mecklenburg-Vorpommern,DE-MV,,
D,OZ,Nordsachsen,Oschatz,OschatZ,Sachsen,DE-SN,,
D,P,Stadt Potsdam,Potsdam,Potsdam,Brandenburg,DE-BB,,"auslaufend Kreis, Abwicklung: Zulassungsbehörde Kreis Potsdam-Mittelmark"
D,PA,Passau,Passau,PAssau,Bayern,DE-BY,1,
D,PAF,Pfaffenhofen a. d. Ilm,Pfaffenhofen,PfAFfenhofen,Bayern,DE-BY,,
D,PAN,Rottal-Inn,Pfarrkirchen,PfArrkircheN,Bayern,DE-BY,,
D,PAR,"Kehlheim, Neumarkt i. d. Oberpfalz",Parsberg,PARsberg,Bayern,DE-BY,"3,3",
D,PB,Paderborn,Paderborn,PaderBorn,Nordrhein-Westfalen,DE-NW,,
D,PCH,Ludwigslust-Parchim,Parchim,ParCHim,Mecklenburg-Vorpommern,DE-MV,,
D,PE,Peine,Peine,PEine,Niedersachsen,DE-NI,,
D,PEG,"Bayreuth, Forchheim, Nürnberger Land",Pegnitz,PEGnitz,Bayern,DE-BY,"3,3,3",
D,PF,"Pforzheim, Stadt, Enzkreis",Pforzheim,PForzheim,Baden-Württemberg,DE-BW,"3,3",
D,PI,Pinneberg,Pinneberg,PInneberg,Schleswig-Holstein,DE-SH,,
D,PIR,Sächsische Schweiz-Osterzgebirge,Pirna,PIRna,Sachsen,DE-SN,,
D,PL,Vogtlandkreis,Plauen,PLauen,Sachsen,DE-SN,,
D,PLÖ,Plön,Plön,PLÖn,Schleswig-Holstein,DE-SH,,
D,PM,Potsdam-Mittelmark,"Potsdam, Mittelmark","Potsdam, Mittelmark",Brandenburg,DE-BB,,
D,PN,Saale-Orla-Kreis,Pößneck,PößNeck,Thüringen,DE-TH,,
D,PR,Prignitz,Prignitz,PRignitz,Brandenburg,DE-BB,,
D,PRÜ,Eifelkreis Bitburg-Prüm,Prüm,PRÜm,Rheinland-Pfalz,DE-RP,,
D,PS,"Stadt Pirmasens, Südwestpfalz",Pirmasens,PirmaSens,Rheinland-Pfalz,DE-RP,"3,3",
D,PW,Vorpommern-Greifswald,Pasewalk,PaseWalk,Mecklenburg-Vorpommern,DE-MV,,
D,PZ,Uckermark,Prenzlau,PrenZlau,Brandenburg,DE-BB,,
D,QFT,Saalekreis,Querfurt,QuerFurT,Sachsen-Anhalt,DE-ST,,
D,QLB,Harz,Quedlinburg,QuedLinBurg,Sachsen-Anhalt,DE-ST,,
D,R,Regensburg,Regensburg,Regensburg,Bayern,DE-BY,1,
D,RA,Rastat,Rastatt,RAstatt,Baden-Württemberg,DE-BW,,
D,RC,Vogtlandkreis,Reichenbach,ReiChenbach,Sachsen,DE-SN,,
D,RD,Rendsburg-Eckernförde,Rendsburg,RenDsburg,Schleswig-Holstein,DE-SH,,
D,RDG,Vorpommern-Rügen,Ribnitz-Damgarten,Ribnitz-DamGarten,Mecklenburg-Vorpommern,DE-MV,,
D,RE,Recklinghausen,Recklinghausen,REcklinghausen,Nordrhein-Westfalen,DE-NW,,
D,REG,Regen,Regen,REGen,Bayern,DE-BY,,
D,REH,"Hof, Wunsiedel im Fichtelgebirge",Rehau,REHau,Bayern,DE-BY,"3,3",
D,REI,Berchtesgadener Land,Reichenhall,REIchenhall,Bayern,DE-BY,,
D,RG,Meißen,"Riesa, Großenhain","Riesa, Großenhain",Sachsen,DE-SN,,
D,RH,Roth,Roth,RotH,Bayern,DE-BY,,
D,RI,Schaumburg,Rinteln,RInteln,Niedersachsen,DE-NI,,
D,RID,Kelheim,Riedenburg,RIeDenburg,Bayern,DE-BY,,
D,RIE,Meißen,Riesa,RIEsa,Sachsen,DE-SN,,
D,RL,Mittelsachsen,Rochlitz,RochLitz,Sachsen,DE-SN,,
D,RM,Mecklenburgische Seenplatte,Röbel/müritz,Röbel/Müritz,Mecklenburg-Vorpommern,DE-MV,,
D,RN,Havelland,Rathenow,RatheNow,Brandenburg,DE-BB,,
D,RO,Rosenheim,Rosenheim,ROsenheim,Bayern,DE-BY,1,
D,ROD,"Cham, Schwandorf",Roding,RODing,Bayern,DE-BY,"3,3",
D,ROF,Hersfeld-Rotenburg,Rotenburg an der Fulda,ROtenburg an der Fulda,Hessen,DE-HE,,
D,ROK,Donnersbergkreis,Rockenhausen,ROcKenhausen,Rheinland-Pfalz,DE-RP,,
D,ROL,"Kelheim, Landshut",Rottenburg an der Laaber,ROttenburg an der Laaber,Bayern,DE-BY,"3,3",
D,ROS,Landkreis Rostock,Rostock,ROStock,Mecklenburg-Vorpommern,DE-MV,,
D,ROT,Ansbach,Rothenburg ob der Tauber,ROthenburg ob der Tauber,Bayern,DE-BY,,
D,ROW,Rotenburg (Wümme),Rotenburg (wümme),ROtenburg (Wümme),Niedersachsen,DE-NI,,
D,RP,Rhein-Pfalz-Kreis,Rhein-Pfalz,Rhein-Pfalz,Rheinland-Pfalz,DE-RP,,
D,RS,Stadt Remscheid,Remscheid,RemScheid,Nordrhein-Westfalen,DE-NW,,
D,RSL,Stadt Dessau-Roßlau,Rosslau,RosSLau,Sachsen-Anhalt,DE-ST,,
D,RT,Reutlingen,Reutlingen,ReuTlingen,Baden-Württemberg,DE-BW,,
D,RU,Saalfeld-Rudolstadt,Rudolstadt,RUdolstadt,Thüringen,DE-TH,,
D,RV,Ravensburg,Ravensburg,RaVensburg,Baden-Württemberg,DE-BW,,
D,RW,Rottweil,Rottweil,RottWeil,Baden-Württemberg,DE-BW,,
D,RZ,Herzogtum Lauenburg,Ratzeburg,RatZeburg,Schleswig-Holstein,DE-SH,,
D,RÜD,Rheingau-Taunus Kreis,Rüdesheim,RÜDesheim,Hessen,DE-HE,,
D,RÜG,Vorpommern-Rügen,Rügen,RÜGen,Mecklenburg-Vorpommern,DE-MV,,
D,S,Stadt Stuttgart,Stuttgart,Stuttgart,Baden-Württemberg,DE-BW,,
D,SAB,Trier-Saarburg,Saarburg,SAarBurg,Rheinland-Pfalz,DE-RP,,
D,SAD,Schwandorf,Schwandorf,SchwAnDorf,Bayern,DE-BY,,
D,SAN,"Hof, Kronach, Kulmbach",Stadtsteinach,StAdtsteiNach,Bayern,DE-BY,"3,3,3",
D,SAW,Altmarkkreis Salzwedel,Salzwedel,SAlzWedel,Sachsen-Anhalt,DE-ST,,
D,SB,Stadt Saarbrücken und Stadtverband außer Stadt Völklingen (VK),Saarbrücken,SaarBrücken,Saarland,DE-SL,,
D,SBG,Vorpommern-Greifswald,Strasburg,StrasBurG,Mecklenburg-Vorpommern,DE-MV,,
D,SBK,Salzlandkreis,Schönebeck,SchöneBecK,Sachsen-Anhalt,DE-ST,,
D,SC,Stadt Schwabach,Schwabach,SChwabach,Bayern,DE-BY,,"auslaufend Kreis, Abwicklung: Zulassungsbehörde Roth"
D,SCZ,Saale-Orla-Kreis,Schleiz,SChleiZ,Thüringen,DE-TH,,
D,SDH,Kyffhäuserkreis,Sondershausen,SonDersHausen,Thüringen,DE-TH,,
D,SDL,Stendal,Stendal,StenDaL,Sachsen-Anhalt,DE-ST,,
D,SDT,Uckermark,Schwedt,SchweDT,Brandenburg,DE-BB,,
D,SE,Segeberg,Segeberg,SEgeberg,Schleswig-Holstein,DE-SH,,
D,SEB,Sächsische Schweiz-Osterzgebirge,Sebnitz,SEBnitz,Sachsen,DE-SN,,
D,SEE,Märkisch-Oderland,Seelow,SEElow,Brandenburg,DE-BB,,
D,SEF,Neustadt a. d. Aisch-Bad Windsheim,Scheinfeld,SchEinFeld,Bayern,DE-BY,,
D,SEL,Wunsiedel i. Fichtelgebirge,Selb,SELb,Bayern,DE-BY,,
D,SFB,Oberspreewald-Lausitz,Senftenberg,SenFtenBerg,Brandenburg,DE-BB,,
D,SFT,Salzlandkreis,Staßfurt,StaßFurT,Sachsen-Anhalt,DE-ST,,
D,SG,Stadt Solingen,Solingen,SolinGen,Nordrhein-Westfalen,DE-NW,,
D,SGH,Mansfeld-Südharz,Sangerhausen,SanGerHausen,Sachsen-Anhalt,DE-ST,,
D,SHA,Schwäbisch Hall,Schwäbisch Hall,Schwäbisch HAll,Baden-Württemberg,DE-BW,,
D,SHG,Schaumburg,Stadthagen,StadtHaGen,Niedersachsen,DE-NI,,
D,SHK,Saale-Holzland-Kreis,Saale-Holzland-Kreis,Saale-Holzland-Kreis,Thüringen,DE-TH,,
D,SHL,Stadt Suhl,Suhl,SuHL,Thüringen,DE-TH,,"auslaufend Kreis, Abwicklung: Zulassungsbehörde Hildburghausen"
D,SI,Siegen-Wittgenstein,Siegen,SIegen,Nordrhein-Westfalen,DE-NW,,
D,SIG,Sigmaringen,Sigmaringen,SIGmaringen,Baden-Württemberg,DE-BW,,
D,SIM,Rhein-Hunsrück-Kreis,Simmern,SIMmern,Rheinland-Pfalz,DE-RP,,
D,SK,Saalekreis,Saalekreis,SaaleKreis,Sachsen-Anhalt,DE-ST,,
D,SL,Schleswig-Flensburg,Schleswig,SchLeswig,Schleswig-Holstein,DE-SH,,
D,SLE,"Düren, Euskirchen",Schleiden,SchLEiden,Nordrhein-Westfalen,DE-NW,"3,3",
D,SLF,Saalfeld-Rudolstadt,Saalfeld,SaaLFeld,Thüringen,DE-TH,,
D,SLG,"Ravensburg, Sigmaringen",Saulgau,SauLGau,Baden-Württemberg,DE-BW,"3,3",
D,SLK,Salzlandkreis,Salzlandkreis,SalzLandKreis,Sachsen-Anhalt,DE-ST,,
D,SLN,Altenburger Land,Schmölln,SchmölLN,Thüringen,DE-TH,,
D,SLS,Saarlouis,Saarlouis,SaarLouiS,Saarland,DE-SL,,
D,SLZ,Wartburgkreis,Salzungen,SaLZungen,Thüringen,DE-TH,,
D,SLÜ,Main-Kinzig-Kreis,Schlüchtern,SchLÜchtern,Hessen,DE-HE,,
D,SM,Schmalkalden-Meiningen,Schmalkalden,SchMalkalden,Thüringen,DE-TH,,
D,SMÜ,Augsburg,Schwabmünchen,SchwabMÜnchen,Bayern,DE-BY,,
D,SN,Stadt Schwerin,Schwerin,SchweriN,Mecklenburg-Vorpommern,DE-MV,1,"auslaufend Kreis, Abwicklung: Zulassungsbehörde Ludwiglust-Parchim"
D,SO,Soest,Soest,SOest,Nordrhein-Westfalen,DE-NW,,
D,SOB,Neuburg-Schrobenhausen,Schrobenhausen,SchrOBenhausen,Bayern,DE-BY,,
D,SOG,Weilheim-Schongau,Schongau,SchOnGau,Bayern,DE-BY,,
D,SOK,Saale-Orla-Kreis,Saale-Orla-Kreis,Saale-Orla-Kreis,Thüringen,DE-TH,,
D,SON,Sonneberg,Sonneberg,SONneberg,Thüringen,DE-TH,,
D,SP,Stadt Speyer,Speyer,SPeyer,Rheinland-Pfalz,DE-RP,,"auslaufend Kreis, Abwicklung: Zulassungsbehörde Rhein-Pfalz-Kreis"
D,SPB,Spree-Neiße,Spremberg,SPremBerg,Brandenburg,DE-BB,,
D,SPN,Spree-Neiße,"Spree, Neiße","SPree, Neiße",Brandenburg,DE-BB,,
D,SR,"Straubing, Straubing-Bogen",Straubing,StRaubing,Bayern,DE-BY,"1,1",
D,SRB,Märkisch-Oderland,Strausberg,StRausBerg,Brandenburg,DE-BB,,
D,SRO,Saale-Holzland-Kreis,Stadtroda,StadtROda,Thüringen,DE-TH,,
D,ST,Steinfurt,Steinfurt,STeinfurt,Nordrhein-Westfalen,DE-NW,,
D,STA,Starnberg,Starnberg,STArnberg,Bayern,DE-BY,,
D,STB,Ludwigslust-Parchim,Sternberg,STernBerg,Mecklenburg-Vorpommern,DE-MV,,
D,STD,Stade,Stade,STaDe,Niedersachsen,DE-NI,,
D,STE,Lichtenfels,Staffelstein,STaffelstEin,Bayern,DE-BY,,
D,STL,Erzgebirgskreis,Stollberg,STolLberg,Sachsen,DE-SN,,
D,STO,"Konstanz, Sigmaringen",Stockach,STOckach,Baden-Württemberg,DE-BW,"3,3",
D,SU,Rhein-Sieg-Kreis,Siegburg,SiegbUrg,Nordrhein-Westfalen,DE-NW,,
D,SUL,Amberg-Sulzbach,Sulzbach-Rosenberg,SULzbach-Rosenberg,Bayern,DE-BY,,
D,SW,Schweinfurt,Schweinfurt,SchWeinfurt,Bayern,DE-BY,1,
D,SWA,Rheingau-Taunus-Kreis,Schwalbach,SchWAlbach,Hessen,DE-HE,,
D,SY,Diepholz,Syke,SYke,Niedersachsen,DE-NI,,
D,SZ,Stadt Salzgitter,Salzgitter,SalZgitter,Niedersachsen,DE-NI,,
D,SZB,Erzgebirgskreis,Schwarzenberg,SchwarZenBerg,Sachsen,DE-SN,,
D,SÄK,Waldshut,Säckingen,SÄcKingen,Baden-Württemberg,DE-BW,,
D,SÖM,Sömmerda,Sömmerda,SÖMmerda,Thüringen,DE-TH,,
D,SÜW,Südliche Weinstraße,Südliche Weinstraße,SÜdliche Weinstraße,Rheinland-Pfalz,DE-RP,,
D,TBB,Main-Tauber-Kreis,Tauberbischofsheim,TauBerBischofsheim,Baden-Württemberg,DE-BW,,
D,TDO,Nordsachsen,"Torgau, Delitzsch, Oschatz","Torgau, Delitzsch, Oschatz",Sachsen,DE-SN,,
D,TE,Steinfurt,Tecklenburg,TEcklenburg,Nordrhein-Westfalen,DE-NW,,
D,TET,Landkreis Rostock,Teterow,TETerow,Mecklenburg-Vorpommern,DE-MV,,
D,TF,Teltow-Fläming,"Teltow, Fläming","Teltow, Fläming",Brandenburg,DE-BB,,
D,TG,Nordsachsen,Torgau,TorGau,Sachsen,DE-SN,,
D,TIR,Tirschenreuth,Tirschenreuth,TIRschenreuth,Bayern,DE-BY,,
D,TO,Nordsachsen,"Torgau, Oschatz","Torgau, Oschatz",Sachsen,DE-SN,,
D,TP,Uckermark,Templin,TemPlin,Brandenburg,DE-BB,,
D,TR,Stadt Trier und Trier-Saarburg,Trier,TRier,Rheinland-Pfalz,DE-RP,,
D,TS,Traunstein,Traunstein,TraunStein,Bayern,DE-BY,,
D,TT,Bodenseekreis,Tettnang,TeTtnang,Baden-Württemberg,DE-BW,,
D,TUT,Tuttlingen,Tuttlingen,TUTtlingen,Baden-Württemberg,DE-BW,,
D,TÖL,Bad Tölz-Wolfratshausen,Tölz,TÖLz,Bayern,DE-BY,,
D,TÜ,Tübingen,Tübingen,TÜbingen,Baden-Württemberg,DE-BW,,
D,UE,Uelzen,Uelzen,UElzen,Niedersachsen,DE-NI,,
D,UEM,Vorpommern-Greifswald,Ueckermünde,UEckerMünde,Mecklenburg-Vorpommern,DE-MV,,
D,UER,Vorpommern-Greifswald,Uecker-Randow,UEcker-Randow,Mecklenburg-Vorpommern,DE-MV,,
D,UFF,Neustadt a. d. Aisch-Bad Windsheim,Uffenheim,UFFenheim,Bayern,DE-BY,,
D,UH,Unstrut-Hainich-Kreis,"Unstrut, Hainich","Unstrut, Hainich",Thüringen,DE-TH,,
D,UL,"Ulm, Stadt, Alb-Donaukreis",Ulm,ULm,Baden-Württemberg,DE-BW,"3,3",
D,UM,Uckermark,Uckermark,UckerMark,Brandenburg,DE-BB,,
D,UN,Unna,Unna,UNna,Nordrhein-Westfalen,DE-NW,,
D,USI,Hochtaunuskreis,Usingen,USIngen,Hessen,DE-HE,,
D,V,Vogtlandkreis,Vogtland,Vogtland,Sachsen,DE-SN,,
D,VAI,Ludwigsburg,Vaihingen,VAIhingen,Baden-Württemberg,DE-BW,,
D,VB,Vogelsbergkreis,Vogelsberg,VogelsBerg,Hessen,DE-HE,,
D,VEC,Vechta,Vechta,VEChta,Niedersachsen,DE-NI,,
D,VER,Verden,Verden,VERden,Niedersachsen,DE-NI,,
D,VG,Vorpommern-Greifswald,"Vorpommern, Greifswald","Vorpommern, Greifswald",Mecklenburg-Vorpommern,DE-MV,,
D,VIB,"Landshut, Rottal-Inn",Vilsbiburg,VIlsBiburg,Bayern,DE-BY,"3,3",
D,VIE,Viersen,Viersen,VIErsen,Nordrhein-Westfalen,DE-NW,,
D,VIT,Regen,Viechtach,VIechTach,Bayern,DE-BY,,
D,VK,Stadt Völklingen,Völklingen,VölKlingen,Saarland,DE-SL,,
D,VOH,Neustadt a. d. Waldnaab,Vohenstrauß,VOHenstrauß,Bayern,DE-BY,,
D,VR,Vorpommern-Rügen,"Vorpommern, Rügen","Vorpommern, Rügen",Mecklenburg-Vorpommern,DE-MV,,
D,VS,Schwarzwald-Baar-Kreis,Villingen-Schwenningen,Villingen-Schwenningen,Baden-Württemberg,DE-BW,,
D,W,Stadt Wuppertal,Wuppertal,Wuppertal,Nordrhein-Westfalen,DE-NW,,
D,WA,Waldeck-Frankenberg,Waldeck,WAldeck,Hessen,DE-HE,,
D,WAF,Warendorf,Warendorf,WArendorF,Nordrhein-Westfalen,DE-NW,,
D,WAK,Wartburgkreis,Wartburgkreis,WArtburgKreis,Thüringen,DE-TH,,
D,WAN,Stadt Herne,Wanne,WANne,Nordrhein-Westfalen,DE-NW,,
D,WAR,Höxter,Warburg,WARburg,Nordrhein-Westfalen,DE-NW,,
D,WAT,Stadt Bochum,Wattenscheid,WATtenscheid,Nordrhein-Westfalen,DE-NW,,
D,WB,Wittenberg,Wittenberg,WittenBerg,Sachsen-Anhalt,DE-ST,,
D,WBG,Stadt Wolfsburg,Worbis,WorBiS,Niedersachsen,DE-NI,,
D,WBS,Eichsfeld,Werdau,WerDAu,Thüringen,DE-TH,,
D,WDA,Zwickau,Weimar,WEimar,Sachsen,DE-SN,,
D,WE,Stadt Weimar,Weilburg,WEiLburg,Thüringen,DE-TH,,"auslaufend Kreis, Abwicklung: Zulassungsbehörde Weimarer Land"
D,WEL,Limburg-Weilburg,Weiden,WEideN,Hessen,DE-HE,,
D,WEN,Stadt Weiden in der Oberpfalz,Wertingen,WERtingen,Bayern,DE-BY,,
D,WER,"Augsburg, Dillingen a. d. Donau",Wertingen,WERtingen,Bayern,DE-BY,"3,3",
D,WES,Wesel,Wesel,WESel,Nordrhein-Westfalen,DE-NW,,
D,WF,Wolfenbüttel,Wolfenbüttel,WolFenbüttel,Niedersachsen,DE-NI,,
D,WG,Ravensburg,Wangen,WanGen,Baden-Württemberg,DE-BW,,
D,WHV,Stadt Wilhelmshaven,Wilhelmshaven,WilhelmsHaVen,Niedersachsen,DE-NI,,
D,WI,Stadt Wiesbaden,Wiesbaden,WIesbaden,Hessen,DE-HE,,
D,WIL,Bernkastel-Wittlich,Wittlich,WIttLich,Rheinland-Pfalz,DE-RP,,
D,WIS,Nordwestmecklenburg,Wismar,WISmar,Mecklenburg-Vorpommern,DE-MV,,
D,WIT,Ennepe-Ruhr-Kreis,Witten,WITten,Nordrhein-Westfalen,DE-NW,,
D,WIZ,Werra-Meißner-Kreis,Witzenhausen,WItZenhausen,Hessen,DE-HE,,
D,WK,Ostprignitz-Ruppin,Wittstock,WittstocK,Brandenburg,DE-BB,,
D,WL,Harburg,Winsen (luhe),Winsen (Luhe),Niedersachsen,DE-NI,,
D,WLG,Vorpommern-Greifswald,Wolgast,WoLGast,Mecklenburg-Vorpommern,DE-MV,,
D,WM,Weilheim-Schongau,Weilheim,WeilheiM,Bayern,DE-BY,,
D,WMS,Börde,Wolmirstedt,WolMirStedt,Sachsen-Anhalt,DE-ST,,
D,WN,Rems-Murr-Kreis,Waiblingen,WaiblingeN,Baden-Württemberg,DE-BW,,
D,WND,St. Wendel,Wendel,WeNDel,Saarland,DE-SL,,
D,WO,Stadt Worms,Worms,WOrms,Rheinland-Pfalz,DE-RP,,
D,WOB,Stadt Wolfsburg,Wolfsburg,WOlfsBurg,Niedersachsen,DE-NI,,
D,WOH,Kassel,Wolfhagen,WOlfHagen,Hessen,DE-HE,,
D,WOL,"Freudenstadt, Ortenaukreis",Wolfach,WOLfach,Baden-Württemberg,DE-BW,"3,3",
D,WOR,"Bad Tölz-Wolfratshausen, München, Starnberg",Wolfratshausen,WOlfRatshausen,Bayern,DE-BY,"3,3",
D,WOS,Freyung-Grafenau,Wolfstein,WOlfStein,Bayern,DE-BY,,
D,WR,Harz,Wernigerode,WernigeRode,Sachsen-Anhalt,DE-ST,,
D,WRN,Mecklenburgische Seenplatte,Waren,WaReN,Mecklenburg-Vorpommern,DE-MV,,
D,WS,"Mühldorf am Inn, Rosenheim",Wasserburg,WasSerburg,Bayern,DE-BY,"3,3",
D,WSF,Burgenlandkreis,Weissenfels,WeisSenFels,Sachsen-Anhalt,DE-ST,,
D,WST,Ammerland,Westerstede,WesterSTede,Niedersachsen,DE-NI,,
D,WSW,Görlitz,Weisswasser,WeisSWasser,Sachsen,DE-SN,,
D,WT,Waldshut,Waldshut,WaldshuT,Baden-Württemberg,DE-BW,,
D,WTL,Osnabrück,Wittlage,WitTLage,Niedersachsen,DE-NI,,
D,WTM,Wittmund,Wittmund,WitTMund,Niedersachsen,DE-NI,,
D,WUG,Weißenburg-Gunzenhausen,Weißenburg,WeißenbUrG,Bayern,DE-BY,,
D,WUN,Wunsiedel im Fichtelgebirge,Wunsiedel,WUNsiedel,Bayern,DE-BY,,
D,WUR,Leipzig,Wurzen,WURzen,Sachsen,DE-SN,,
D,WW,Westerwald,Westerwald,WesterWald,Rheinland-Pfalz,DE-RP,,
D,WZ,Lahn-Dill-Kreis,Wetzlar,WetZlar,Hessen,DE-HE,,
D,WZL,Börde,Wanzleben,WanZLeben,Sachsen-Anhalt,DE-ST,,
D,WÜ,Würzburg,Würzburg,WÜrzburg,Bayern,DE-BY,1,
D,WÜM,Cham,Waldmünchen (mit einem Buchstabendreher),WaldMÜnchen (mit einem Buchstabendreher),Bayern,DE-BY,,
D,Z,Zwickau,Zwickau,Zwickau,Sachsen,DE-SN,,
D,ZE,Anhalt-Bitterfeld,Zerbst,ZErbst,Sachsen-Anhalt,DE-ST,,
D,ZEL,Cochem-Zell,Zell,ZELl,Rheinland-Pfalz,DE-RP,,
D,ZI,Görlitz,Zittau,ZIttau,Sachsen,DE-SN,,
D,ZIG,Schwalm-Eder-Kreis,Ziegenhain,ZIeGenhain,Hessen,DE-HE,,
D,ZP,Erzgebirgskreis,Zschopau,ZschoPau,Sachsen,DE-SN,,
D,ZR,Greiz,Zeulenroda,ZeulenRoda,Thüringen,DE-TH,,
D,ZS,Teltow-Fläming,Zossen,ZoSsen,Brandenburg,DE-BB,,
D,ZW,"Stadt Südwestpfalz, Zweibrücken",Zweibrücken,ZWeibrücken,Rheinland-Pfalz,DE-RP,"3,3",
D,ZZ,Burgenlandkreis,Zeitz,ZeitZ,Sachsen-Anhalt,DE-ST,,
D,ÖHR,Hohenlohekreis,Öhringen,ÖHRingen,Baden-Württemberg,DE-BW,,
D,ÜB,"Ravensburg, Bodenseekreis, Sigmaringen",Überlingen,ÜBerlingen,Baden-Württemberg,DE-BW,"3,3,3",
